ParishID,Saturday,Sunday,Monday,Tuesday,Wednesday,Thursday,Friday,Language
0,,,,,,,,English
1,,,,,,,,English
2,5:30 PM,"8:00 AM, 10:00 AM, 12:00 PM",12:00 PM,12:00 PM,12:00 PM,12:00 PM,12:00 PM,English
3,4:00 PM,"7:30 AM, 9:00 AM, 10:30 AM, 12:00 PM",6:30 AM,6:30 AM,6:30 AM,6:30 AM,6:30 AM,"English, Spanish"
4,5:30 PM,"8:00 AM, 10:30 AM, 12:15 PM","7:00 AM, 8:00 AM","7:00 AM, 8:00 AM","7:00 AM, 8:00 AM","7:00 AM, 8:00 AM",8:00 AM,English
5,,,,,,,,English
6,"7:00 AM, 9:00 AM, 5:30 PM, 7:00 PM","7:30 AM, 9:00 AM, 10:30 AM, 12:00 PM, 1:15 PM","7:00 AM, 9:00 AM, 6:30 PM","7:00 AM, 9:00 AM, 6:30 PM","7:00 AM, 9:00 AM, 6:30 PM","7:00 AM, 9:00 AM, 6:30 PM","7:00 AM, 9:00 AM, 6:30 PM","English, Spanish"
7,9:00 AM,"8:30 AM, 11:30 AM",9:00 AM,9:00 AM,9:00 AM,9:00 AM,9:00 AM,English
8,5:00 PM,"8:00 AM, 10:00 AM, 12:00 PM",11:30 AM,11:30 AM,11:30 AM,11:30 AM,11:30 AM,English
9,,,12:00 PM,12:00 PM,12:00 PM,12:00 PM,12:00 PM,English
10,5:00 PM,"8:30 AM, 10:30 AM, 12:30 PM","8:00 AM, 12:10 PM",,"8:00 AM, 12:10 PM",,,English
11,"5:00 PM, 5:00 PM, 5:30 PM, 12:00 AM, 4:30 PM, 6:30 PM, 8:00 AM","5:00 PM, 8:00 AM, 10:00 AM, 12:00 PM, 9:00 AM, 9:30 AM, 7:30 AM, 5:00 PM, 6:00 PM","8:00 AM, 8:00 AM, 8:30 AM, 12:00 PM, 6:30 PM, 8:00 PM","8:00 AM, 8:00 AM, 8:30 AM, 7:00 PM","8:00 AM, 8:00 AM, 8:30 AM","8:00 AM, 8:00 AM, 8:30 AM, 7:00 PM, 8:00 PM","8:00 AM, 8:00 AM, 8:30 AM","English, Spanish"
12,5:30 PM,"7:30 AM, 9:30 AM, 11:30 AM",8:00 AM,8:00 AM,8:00 AM,8:00 AM,,English
13,5:00 PM,"8:00 AM, 10:00 AM, 12:00 PM",,,,,,English
14,,,,,,,,English
15,5:30 PM,"7:45 AM, 10:00 AM",7:00 AM,7:00 AM,7:00 AM,7:00 AM,7:00 AM,English
16,5:30 PM,"9:00 AM, 11:30 AM",8:00 AM,8:00 AM,8:00 AM,8:00 AM,8:00 AM,English
17,5:00 PM,"8:00 AM, 10:00 AM, 12:00 PM, 1:30 PM",,,,,,"English, Spanish"
18,5:30 PM,"8:00 AM, 11:00 AM, 12:30 PM",8:00 AM,8:00 AM,8:00 AM,8:00 AM,8:00 AM,"English, Spanish"
19,"5:00 PM, 6:30 PM","8:30 AM, 10:00 AM, 11:30 AM, 1:00 PM","5:30 PM, 6:00 PM, 7:00 PM, 7:00 PM","5:30 PM, 6:00 PM, 7:00 PM, 7:00 PM","5:30 PM, 6:00 PM, 7:00 PM, 7:00 PM","5:30 PM, 6:00 PM, 7:00 PM, 7:00 PM","5:30 PM, 6:00 PM, 7:00 PM, 7:00 PM","English, French, Spanish"
20,6:00 PM,"8:30 AM, 10:00 AM, 12:30 PM",7:00 PM,7:00 PM,7:00 PM,7:00 PM,7:00 PM,English
21,5:30 PM,"7:30 AM, 9:00 AM, 10:30 AM, 12:00 PM","7:00 AM, 8:00 AM, 7:00 PM","7:00 AM, 8:00 AM","7:00 AM, 8:00 AM","7:00 AM, 8:00 AM","7:00 AM, 8:00 AM",English
22,"5:00 PM, 6:00 PM","9:00 AM, 10:30 AM, 12:00 PM",7:00 AM,7:00 AM,7:00 AM,7:00 AM,7:00 AM,English
23,5:00 PM,"8:30 AM, 10:30 AM, 12:30 PM",12:10 PM,12:10 PM,12:10 PM,12:10 PM,12:10 PM,English
24,"8:45 AM, 5:15 PM","7:30 AM, 9:30 AM, 11:30 AM, 6:00 PM","7:30 AM, 8:45 AM","7:30 AM, 8:45 AM","7:30 AM, 8:45 AM","7:30 AM, 8:45 AM","7:30 AM, 8:45 AM",English
25,5:00 PM,"8:00 AM, 10:00 AM, 12:00 PM",,,,,,English
26,,,,,,,,English
27,"8:30 AM, 5:30 PM, 8:00 PM","7:30 AM, 9:00 AM, 10:30 AM, 12:00 PM, 1:30 PM",8:30 AM,8:30 AM,"8:30 AM, 8:00 PM",8:30 AM,"8:30 AM, 8:00 PM","English, Korean"
28,"12:00 PM, 5:30 PM","12:00 PM, 10:00 AM",12:00 PM,12:00 PM,12:00 PM,7:00 PM,12:00 PM,English
29,4:00 PM,"8:00 AM, 10:00 AM, 12:00 PM",8:00 AM,8:00 AM,8:00 AM,8:00 AM,8:00 AM,English
30,"7:30 AM, 5:30 PM","9:30 AM, 11:00 AM",7:30 AM,7:00 PM,7:30 AM,7:30 AM,7:00 PM,English
31,,,,,,,,English
32,,,,,,,,English
33,"8:00 AM, 4:30 PM","7:30 AM, 9:00 AM, 11:00 AM, 7:00 PM, 2:00 PM",12:10 PM,12:10 PM,12:10 PM,12:10 PM,12:10 PM,"Chinese, English"
34,5:00 PM,"8:00 AM, 10:00 AM, 12:00 PM",,,,,,English
35,"8:00 AM, 4:00 PM","8:00 AM, 10:00 AM, 12:00 PM, 1:30 PM, 4:00 PM",8:00 AM,8:00 AM,8:00 AM,8:00 AM,8:00 AM,English
36,5:30 PM,"8:00 AM, 9:30 AM, 11:00 AM, 7:00 PM",,,,,7:00 PM,"English, Portuguese"
37,"4:00 PM, 7:00 PM","7:30 AM, 9:00 AM, 11:00 AM, 12:30 PM","7:30 AM, 7:00 PM","7:30 AM, 7:00 PM","7:30 AM, 7:00 PM",7:30 AM,"7:30 AM, 7:00 PM","English, Portuguese, Spanish"
38,5:00 PM,"8:00 AM, 10:00 AM, 12:00 PM",9:00 AM,9:00 AM,9:00 AM,9:00 AM,9:00 AM,English
39,"3:30 PM, 6:00 PM","8:00 AM, 1:00 PM",,,,,,English
40,"8:00 AM, 5:00 PM","7:30 AM, 9:30 AM, 11:00 AM, 12:15 PM, 6:00 PM",8:00 AM,8:00 AM,8:00 AM,"7:00 PM, 8:00 AM, 7:00 PM",8:00 AM,"English, Italian"
41,5:00 PM,"9:00 AM, 10:30 AM, 1:30 PM, 7:30 PM",,,,,,"English, Spanish"
42,"8:00 AM, 5:00 PM","9:00 AM, 11:00 AM, 4:00 PM","8:00 AM, 7:00 PM","8:00 AM, 7:00 PM","8:00 AM, 7:00 PM","8:00 AM, 7:00 PM",7:00 PM,English
43,5:30 PM,"9:00 AM, 11:00 AM",7:00 AM,7:00 AM,7:00 AM,7:00 AM,7:00 AM,English
44,5:30 PM,"10:00 AM, 12:00 PM","7:30 AM, 12:10 PM","7:30 AM, 12:10 PM",7:30 AM,"7:30 AM, 12:10 PM","7:30 AM, 12:10 PM",English
45,5:30 PM,"9:00 AM, 1:00 PM, 11:00 AM",12:10 PM,12:10 PM,12:10 PM,12:10 PM,12:10 PM,"English, Spanish"
46,"8:30 AM, 5:00 PM","7:30 AM, 8:45 AM, 10:00 AM, 11:30 AM, 1:00 PM","7:00 AM, 8:30 AM","7:00 AM, 8:30 AM","7:00 AM, 8:30 AM","7:00 AM, 8:30 AM","7:00 AM, 8:30 AM","English, Spanish"
47,"9:00 AM, 5:30 PM, 4:00 PM","8:00 AM, 9:00 AM, 10:00 AM, 12:00 PM",7:00 AM,"7:00 AM, 7:00 PM",7:00 AM,7:00 PM,7:00 AM,"English, Spanish"
48,"4:00 PM, 8:00 AM","8:00 AM, 12:00 PM, 10:00 AM, 11:00 AM",8:00 AM,8:00 AM,8:00 AM,8:00 AM,8:00 AM,English
49,"8:30 AM, 5:00 PM","8:00 AM, 10:00 AM, 12:00 PM","7:00 AM, 8:30 AM","7:00 AM, 8:30 AM","7:00 AM, 8:30 AM","7:00 AM, 8:30 AM","7:00 AM, 8:30 AM",English
50,"5:00 PM, 7:00 PM","8:00 AM, 10:00 AM, 12:00 PM",7:00 AM,7:00 AM,7:00 AM,7:00 AM,7:00 AM,English
51,5:30 PM,"9:00 AM, 10:30 AM",8:00 AM,8:00 AM,8:00 AM,8:00 AM,8:00 AM,"English, Spanish"
52,8:30 AM,"9:00 AM, 11:00 AM",8:30 AM,"8:30 AM, 6:30 PM",8:30 AM,"8:30 AM, 6:30 PM",8:30 AM,"English, Spanish"
53,"8:30 AM, 5:00 PM","8:00 AM, 10:00 AM","8:30 AM, 6:30 PM",8:30 AM,"8:30 AM, 6:30 PM",8:30 AM,"8:30 AM, 6:30 PM",English
54,4:30 PM,"8:00 AM, 10:00 AM, 12:00 PM",8:00 AM,6:00 PM,6:00 PM,8:00 AM,6:00 PM,English
55,5:00 PM,"9:00 AM, 11:30 AM",8:30 AM,8:30 AM,8:30 AM,8:30 AM,8:30 AM,English
56,5:00 PM,9:00 AM,7:00 AM,7:00 AM,7:00 AM,7:00 AM,7:00 AM,English
57,5:00 PM,,12:00 PM,,,12:00 PM,12:00 PM,English
58,5:30 PM,"9:00 AM, 10:30 AM, 12:00 PM, 5:00 PM",,,,,,English
59,"12:05 PM, 4:00 PM, 7:30 PM","8:00 AM, 10:00 AM, 12:00 PM","8:00 AM, 12:05 PM","8:00 AM, 12:05 PM","8:00 AM, 12:05 PM","8:00 AM, 12:05 PM","8:00 AM, 12:05 PM",English
60,5:00 PM,"7:30 AM, 11:00 AM, 7:00 PM, 12:30 PM, 1:30 PM","7:00 AM, 7:00 PM","7:00 AM, 7:00 PM","7:00 AM, 7:00 PM","7:00 AM, 7:00 PM","7:00 AM, 7:00 PM",English
61,"5:30 PM, 8:30 AM","8:00 AM, 10:00 AM, 12:00 PM","7:00 AM, 8:30 AM","7:00 AM, 8:30 AM","7:00 AM, 8:30 AM","7:00 AM, 8:30 AM","7:00 AM, 8:30 AM",English
62,5:30 PM,"8:00 AM, 10:00 AM, 12:00 PM, 9:00 AM, 11:30 AM",12:00 PM,12:00 PM,12:00 PM,12:00 PM,12:00 PM,English
63,4:00 PM,"8:00 AM, 10:00 AM, 12:00 PM, 6:00 PM",8:00 AM,8:00 AM,8:00 AM,8:00 AM,8:00 AM,English
64,"7:30 AM, 5:00 PM","7:30 AM, 9:30 AM, 11:30 AM, 5:00 PM","7:00 AM, 12:00 PM","7:00 AM, 12:00 PM","7:00 AM, 12:00 PM","7:00 AM, 12:00 PM","7:00 AM, 12:00 PM",English
65,"5:00 PM, 12:00 PM","7:00 PM, 7:30 AM, 9:00 AM, 10:30 AM, 12:00 PM",12:00 PM,7:30 AM,12:00 PM,12:00 PM,8:00 PM,English
66,"9:00 AM, 5:00 PM","7:30 AM, 9:00 AM, 10:30 AM, 12:00 PM, 1:30 PM, 3:00 PM",12:00 PM,12:00 PM,12:00 PM,12:00 PM,12:00 PM,"English, Spanish"
67,4:30 PM,"8:30 AM, 10:30 AM, 12:00 PM",8:30 AM,8:30 AM,8:30 AM,8:30 AM,8:30 AM,English
68,5:00 PM,"7:30 AM, 9:30 AM, 11:30 AM",,,,,,English
69,8:00 PM,"8:00 AM, 10:30 AM",9:30 AM,9:30 AM,9:30 AM,9:30 AM,9:30 AM,English
70,5:00 PM,"9:00 AM, 11:30 AM",,,,,,English
71,,,,,7:00 PM,,,English
72,"12:10 PM, 5:00 PM","8:00 AM, 10:15 AM, 12:00 PM","12:10 PM, 7:30 PM",12:10 PM,12:10 PM,12:10 PM,12:10 PM,English
73,,7:00 PM,5:30 PM,5:30 PM,5:30 PM,8:00 PM,8:30 AM,English
74,4:30 PM,"11:00 AM, 6:00 PM",8:30 AM,,8:30 AM,8:30 AM,8:30 AM,English
75,,"9:00 AM, 11:00 AM, 1:00 PM",,,,,,English
76,5:00 PM,10:30 AM,8:00 AM,8:00 AM,8:00 AM,8:00 AM,8:00 AM,English
77,5:00 PM,"7:30 AM, 9:30 AM, 11:30 AM",8:30 AM,8:30 AM,8:30 AM,8:30 AM,8:30 AM,English
78,,,,,,,,English
79,5:00 PM,"7:30 AM, 9:00 AM, 10:30 AM, 12:00 PM",,,,,,English
80,"8:30 AM, 5:00 PM","7:30 AM, 10:00 AM, 12:00 PM","7:00 AM, 12:10 PM","7:00 AM, 12:10 PM","7:00 AM, 12:10 PM","7:00 AM, 12:10 PM","7:00 AM, 12:10 PM",English
81,,,,,,,,English
82,5:00 PM,"8:00 AM, 11:00 AM, 9:30 AM",6:00 PM,7:30 AM,6:00 PM,7:30 AM,6:00 PM,"English, Spanish"
83,,,,,,,,English
84,5:30 PM,"7:30 AM, 9:00 AM, 10:15 AM, 11:30 AM",9:00 AM,9:00 AM,9:00 AM,9:00 AM,9:00 AM,English
85,"7:00 AM, 9:00 AM, 6:00 PM","8:00 AM, 9:00 AM, 11:00 AM, 12:30 PM, 5:30 PM, 12:30 PM, 5:30 PM","7:00 AM, 9:00 AM, 5:30 PM","7:00 AM, 9:00 AM, 5:30 PM","7:00 AM, 9:00 AM, 5:30 PM","7:00 AM, 9:00 AM, 5:30 PM","7:00 AM, 9:00 AM, 5:30 PM","English, French, Italian, Spanish"
86,,"7:00 AM, 8:30 AM, 10:00 AM, 11:30 AM, 1:00 PM","8:00 AM, 7:00 PM","8:00 AM, 7:00 PM","8:00 AM, 7:00 PM","8:00 AM, 7:00 PM","8:00 AM, 7:00 PM","English, Spanish"
87,10:30 AM,"8:00 AM, 12:00 PM, 10:00 AM",6:00 PM,6:00 PM,6:00 PM,6:00 PM,6:00 PM,English
88,7:30 AM,"9:00 AM, 10:30 AM, 12:00 PM",7:00 PM,7:30 AM,7:30 AM,7:30 AM,7:00 PM,English
89,"3:00 PM, 4:00 PM","9:00 AM, 10:00 AM",,,,,,English
90,"4:00 PM, 7:00 PM","7:30 AM, 9:00 AM, 10:00 AM, 10:45 AM, 6:00 PM, 12:00 PM","7:30 PM, 8:00 PM",,"7:30 PM, 8:30 PM",8:00 PM,7:30 PM,English
91,"8:00 AM, 6:30 PM","8:00 AM, 10:00 AM, 12:30 PM",8:00 AM,8:00 AM,8:00 AM,8:00 AM,8:00 AM,English
92,5:00 PM,"8:30 AM, 9:30 AM, 11:30 AM, 1:00 PM",,8:00 PM,8:00 PM,"7:30 PM, 8:00 PM, 8:00 PM",5:00 PM,"English, Spanish"
93,"5:00 PM, 7:15 PM","8:30 AM, 10:00 AM, 12:00 PM",8:30 AM,8:30 AM,8:30 AM,8:30 AM,8:30 AM,English
94,"7:30 AM, 9:00 AM, 5:00 PM","7:30 AM, 9:00 AM, 10:30 AM","7:30 AM, 9:00 AM, 5:30 PM, 5:30 PM","7:30 AM, 9:00 AM, 5:30 PM","7:30 AM, 9:00 AM, 5:30 PM","7:30 AM, 9:00 AM, 5:30 PM","7:30 AM, 9:00 AM, 5:30 PM","English, Spanish"
95,5:00 PM,"8:00 AM, 9:30 AM, 11:00 AM, 12:30 PM",,,,,,English
96,,,,,,,,English
97,,,,,,,,English
98,"8:00 AM, 5:00 PM","7:30 AM, 9:15 AM, 10:45 AM, 12:15 PM",,,,,,English
99,5:00 PM,"7:30 AM, 10:00 AM, 12:00 PM",8:00 AM,8:00 AM,8:00 AM,8:00 AM,8:00 AM,English
100,5:00 PM,"7:30 AM, 8:30 AM, 10:30 AM, 12:00 PM",8:00 AM,8:00 AM,8:00 AM,8:00 AM,8:00 AM,English
101,"5:30 PM, 7:00 PM","9:00 AM, 10:30 AM, 12:00 PM","9:00 AM, 7:00 PM","9:00 AM, 7:00 PM","9:00 AM, 7:00 PM","9:00 AM, 7:00 PM","9:00 AM, 7:00 PM","English, Spanish"
102,"5:30 PM, 9:00 AM","7:30 AM, 9:30 AM, 11:30 AM, 1:30 PM, 5:30 PM, 10:00 AM, 11:15 AM",,"7:30 PM, 7:30 PM",8:00 PM,8:00 PM,,"English, Korean, Spanish"
103,"7:00 AM, 8:00 AM, 5:00 PM","7:30 AM, 9:30 AM, 11:00 AM, 12:30 PM, 6:00 PM",,,,,"7:00 AM, 8:00 AM","English, Italian, Portuguese"
104,,11:00 AM,,,,,,English
105,"9:00 AM, 5:00 PM","8:30 AM, 10:30 AM, 12:00 PM","7:00 AM, 8:45 AM","7:00 AM, 8:45 AM","7:00 AM, 8:45 AM","7:00 AM, 8:45 AM","7:00 AM, 8:45 AM",English
106,"9:00 AM, 5:00 PM","9:00 AM, 1:00 PM, 11:00 AM",9:00 AM,9:00 AM,9:00 AM,9:00 AM,9:00 AM,English
107,,,"7:30 AM, 7:00 PM","7:30 AM, 7:00 PM","7:30 AM, 7:00 PM","7:30 AM, 7:00 PM","7:30 AM, 7:00 PM",English
108,"5:00 PM, 9:00 AM","8:00 AM, 10:00 AM, 12:00 PM, 5:00 PM, 1:30 PM",7:30 AM,7:30 AM,7:30 AM,7:30 AM,7:30 AM,"English, Spanish"
109,"9:00 AM, 4:00 PM","8:00 AM, 10:00 AM, 12:00 PM",7:30 AM,7:30 AM,7:30 AM,7:30 AM,7:30 AM,English
110,5:30 PM,"7:30 AM, 9:30 AM, 11:30 AM, 1:00 PM",,,,,,"English, Spanish"
111,5:30 PM,"8:00 AM, 9:30 AM, 11:00 AM, 12:30 PM, 3:00 PM, 6:30 PM","6:30 AM, 8:30 AM, 12:00 PM","6:30 AM, 8:30 AM, 12:00 PM","6:30 AM, 8:30 AM, 12:00 PM","6:30 AM, 8:30 AM, 12:00 PM","6:30 AM, 8:30 AM, 12:00 PM","English, Spanish"
112,,,,,,,,English
113,,,,,,,,English
114,5:00 PM,"8:00 AM, 10:00 AM, 12:00 PM",8:45 AM,8:45 AM,8:45 AM,8:45 AM,8:45 AM,English
115,"7:30 AM, 5:00 PM, 7:00 PM","8:00 AM, 10:00 AM, 12:00 PM",7:30 AM,7:30 AM,7:30 AM,7:30 AM,7:30 AM,English
116,5:00 PM,"8:00 AM, 10:00 AM, 12:00 PM",5:00 PM,8:30 AM,8:30 AM,8:30 AM,12:00 PM,English
117,5:00 PM,"8:00 AM, 10:00 AM, 12:00 PM",8:30 AM,8:30 AM,10:00 AM,8:30 AM,"8:30 AM, 8:00 PM",English
118,"8:00 AM, 9:00 AM","8:00 AM, 12:00 PM",,,,,,English
119,5:00 PM,"8:00 AM, 10:00 AM, 12:00 PM","7:00 AM, 8:30 AM","7:00 AM, 8:30 AM","7:00 AM, 8:30 AM","7:00 AM, 8:30 AM","7:00 AM, 8:30 AM",English
120,5:30 PM,"7:30 AM, 9:00 AM, 10:30 AM, 12:00 PM, 5:00 PM",7:00 AM,7:00 AM,7:00 AM,7:00 AM,7:00 AM,"English, Spanish"
121,9:00 AM,"7:30 AM, 9:30 AM, 11:30 AM",9:00 AM,9:00 AM,9:00 AM,9:00 AM,9:00 AM,English
122,"5:00 PM, 5:30 PM","8:00 AM, 10:00 AM, 11:30 AM, 12:00 PM",7:00 AM,7:00 AM,7:00 AM,7:00 AM,7:00 AM,English
123,5:00 PM,"8:00 AM, 10:00 AM, 12:00 PM",7:30 AM,7:30 AM,7:30 AM,7:30 AM,7:30 AM,English
124,,"7:30 AM, 9:00 AM, 10:30 AM, 12:00 PM, 5:00 PM",,,,,,English
125,5:30 PM,"8:00 AM, 10:00 AM, 12:00 PM",,,,,,English
126,,,,,,,,English
127,"9:00 AM, 4:00 PM, 6:00 PM","8:45 AM, 10:30 AM, 12:00 PM, 6:00 PM",9:00 AM,"9:00 AM, 6:00 PM",9:00 AM,9:00 AM,9:00 AM,"English, Spanish"
128,"8:30 AM, 4:00 PM, 5:30 PM, 7:00 PM","9:00 AM, 11:00 AM, 12:30 PM","8:30 AM, 7:00 PM","8:30 AM, 7:00 PM","8:30 AM, 7:00 PM","8:30 AM, 7:00 PM","8:30 AM, 7:00 PM",English
129,8:15 AM,"7:30 AM, 9:30 AM, 11:30 AM, 1:15 PM",,8:15 AM,8:15 AM,8:15 AM,8:15 AM,English
130,5:00 PM,"8:00 AM, 10:00 AM, 11:30 AM, 6:30 PM",,,,,,English
131,"5:30 PM, 12:00 PM","7:30 AM, 9:00 AM, 10:30 AM, 12:00 PM",7:00 AM,7:00 AM,7:00 AM,7:00 AM,7:00 AM,English
132,"5:00 PM, 6:30 PM, 7:00 AM","7:00 AM, 8:15 AM, 9:30 AM, 10:45 AM, 12:15 PM, 6:00 PM",7:00 AM,7:00 AM,7:00 AM,7:00 AM,7:00 AM,English
133,"8:45 AM, 5:00 PM","8:00 AM, 11:00 AM",8:45 AM,8:45 AM,8:45 AM,8:45 AM,8:45 AM,English
134,6:00 PM,"8:00 AM, 10:30 AM, 12:00 PM",,,,,,English
135,8:00 AM,"8:00 AM, 9:00 AM, 10:00 AM, 10:15 AM, 11:00 AM, 12:00 PM, 12:30 PM, 2:00 PM, 6:00 PM","7:30 AM, 8:00 AM, 9:00 AM, 7:00 PM","7:30 AM, 8:00 AM, 9:00 AM, 7:00 PM","7:30 AM, 8:00 AM, 9:00 AM, 7:00 PM","7:30 AM, 8:00 AM, 9:00 AM, 7:00 PM, 4:30 PM, 6:00 PM, 6:00 PM, 7:00 PM","7:30 AM, 8:00 AM, 9:00 AM, 7:00 PM",English
136,"5:00 PM, 6:30 PM, 3:45 PM","12:00 PM, 10:00 AM, 8:30 AM, 10:30 AM, 1:30 PM, 5:00 PM, 11:00 AM, 10:45 AM","8:30 AM, 7:00 PM","8:30 AM, 7:00 PM","8:30 AM, 7:00 PM","8:30 AM, 7:00 PM","8:30 AM, 7:00 PM",English
137,"8:30 AM, 5:00 PM","7:30 AM, 9:00 AM, 11:30 AM","7:00 AM, 8:30 AM","7:00 AM, 8:30 AM","7:00 AM, 8:30 AM","7:00 AM, 8:30 AM","7:00 AM, 8:30 AM",English
138,9:00 AM,"7:30 AM, 9:00 AM, 11:00 AM",9:00 AM,9:00 AM,9:00 AM,9:00 AM,9:00 AM,English
139,5:30 PM,"7:30 AM, 9:30 AM, 11:30 AM",8:30 AM,8:30 AM,8:30 AM,8:30 AM,8:30 AM,English
140,"9:00 AM, 5:00 PM","8:00 AM, 10:00 AM, 12:00 PM, 6:00 PM",9:00 AM,9:00 AM,9:00 AM,9:00 AM,9:00 AM,English
141,"8:30 AM, 5:30 PM","10:00 AM, 12:00 PM, 5:00 PM",8:30 AM,8:30 AM,8:30 AM,8:30 AM,8:30 AM,English
142,"5:30 PM, 8:00 PM","8:30 AM, 10:30 AM",8:30 AM,8:30 AM,8:30 AM,8:30 AM,8:30 AM,English
143,5:30 PM,"8:00 AM, 9:30 AM, 11:00 AM",,,,,,English
144,8:45 AM,"7:30 AM, 10:00 AM, 5:00 PM","12:15 PM, 5:00 PM","12:15 PM, 5:00 PM","12:15 PM, 5:00 PM","12:15 PM, 5:00 PM","12:15 PM, 5:00 PM",English
145,,,,,,,,English
146,7:00 PM,9:00 AM,,5:30 PM,,,9:00 AM,English
147,4:30 PM,"9:00 AM, 11:00 AM",,,9:00 AM,,,English
148,4:00 PM,9:00 AM,,,9:00 AM,,,English
149,"5:00 PM, 8:00 AM","8:00 AM, 10:30 AM, 6:00 PM",,6:00 PM,8:00 AM,8:00 AM,8:00 AM,English
150,5:30 PM,"8:00 AM, 10:00 AM",8:00 AM,8:00 AM,8:00 AM,8:00 AM,8:00 AM,English
151,6:30 PM,"9:30 AM, 12:00 PM",,,,,,English
152,5:30 PM,"8:00 AM, 9:30 AM, 11:15 AM",5:30 PM,5:30 PM,5:30 PM,5:30 PM,8:00 AM,English
153,,9:00 AM,,,,6:00 PM,,English
154,5:00 PM,"8:00 AM, 10:30 AM",,5:30 PM,8:30 AM,5:30 PM,8:30 AM,English
155,5:00 PM,11:00 AM,,,,4:30 PM,,English
156,"4:00 PM, 6:00 PM","8:00 AM, 10:00 AM, 12:00 PM",,5:30 PM,8:30 AM,,,English
157,,,,,,,,English
158,"5:00 PM, 4:00 PM, 4:30 PM, 4:00 PM, 4:10 PM","9:00 AM, 8:00 AM, 8:30 AM, 8:00 AM, 8:10 AM",6:30 AM,6:30 AM,6:30 AM,6:30 AM,6:30 AM,English
159,"4:00 PM, 6:00 PM","8:00 AM, 10:00 AM, 12:00 PM",,5:30 PM,8:30 AM,,,English
160,5:30 PM,"8:00 AM, 10:00 AM, 12:30 PM, 5:00 PM",,5:30 PM,8:45 AM,5:30 PM,8:45 AM,English
161,4:00 PM,9:00 AM,,9:30 AM,,9:30 AM,,English
162,4:30 PM,9:30 AM,,8:30 AM,,8:30 AM,,English
163,,,,,,,,English
164,,,,,,,,English
165,,,,,,,,English
166,5:00 PM,"7:00 AM, 9:00 AM, 11:00 AM, 1:30 PM",8:30 AM,8:30 AM,8:30 AM,8:30 AM,8:30 AM,English
167,,,,,,,7:15 AM,English
168,5:00 PM,"8:00 AM, 10:00 AM",,,8:00 AM,8:00 AM,8:00 AM,English
169,"4:00 PM, 3:30 PM, 3:50 PM","8:00 AM, 10:00 AM, 12:00 PM",8:30 AM,5:30 PM,8:30 AM,5:30 PM,8:30 AM,English
170,,,,,,,,English
171,,9:00 AM,,4:30 PM,,6:00 PM,,English
172,5:30 PM,10:30 AM,,8:30 AM,6:00 PM,8:30 AM,,English
173,"4:00 PM, 7:00 PM","10:00 AM, 12:00 PM",8:30 AM,8:30 AM,"10:00 AM, 12:00 PM",8:30 AM,8:30 AM,English
174,4:30 PM,"8:30 AM, 11:15 AM",12:00 PM,6:00 PM,8:30 AM,8:30 AM,12:00 PM,English
175,"4:30 PM, 5:00 PM","7:00 AM, 8:45 AM, 7:30 AM, 9:15 AM, 11:00 AM","8:00 AM, 8:30 AM","5:00 PM, 5:30 PM","5:30 PM, 6:00 PM","5:00 PM, 5:30 PM",,English
176,,"8:00 AM, 10:30 AM, 7:00 PM",,,,,,English
177,4:00 PM,"11:00 AM, 9:00 AM, 1:00 PM",9:00 AM,5:45 PM,5:45 PM,5:45 PM,5:45 PM,English
178,,,,,,,,English
179,"4:30 PM, 5:00 PM","7:00 AM, 8:45 AM, 7:30 AM, 9:15 AM, 11:00 AM","8:00 AM, 8:30 AM","5:00 PM, 5:30 PM","5:30 PM, 6:00 PM","5:00 PM, 5:30 PM",,English
180,5:30 PM,9:15 AM,,8:45 AM,8:45 AM,8:45 AM,8:45 AM,English
181,4:30 PM,"7:30 AM, 10:30 AM",,6:15 PM,8:15 AM,8:15 AM,8:15 AM,English
182,4:00 PM,"11:00 AM, 1:00 PM",,,,9:00 AM,"9:00 AM, 11:00 AM",English
183,5:00 PM,10:00 AM,8:00 AM,,5:00 PM,8:00 AM,8:00 AM,English
184,4:00 PM,10:00 AM,,8:15 AM,12:00 PM,8:15 AM,,English
185,4:30 PM,"8:00 AM, 10:00 AM",,,,,,English
186,,,,,,,,English
187,4:00 PM,"10:00 AM, 12:00 PM",,8:15 AM,12:05 PM,8:15 AM,12:05 PM,English
188,,,,,,,,English
189,5:00 PM,"7:30 AM, 9:30 AM, 11:30 AM",8:30 AM,8:30 AM,"8:30 AM, 6:00 PM",8:30 AM,,English
190,"8:00 AM, 4:00 PM, 5:30 PM","7:30 AM, 9:00 AM, 10:30 AM, 8:30 AM",,8:35 AM,"7:30 AM, 6:00 PM","8:35 AM, 8:35 AM, 6:00 PM",7:30 AM,English
191,"4:00 PM, 6:00 PM","8:30 AM, 11:00 AM",,6:00 PM,6:00 PM,12:00 PM,8:30 AM,English
192,"5:00 PM, 11:30 AM","8:00 AM, 10:30 AM, 1:00 PM, 3:00 PM, 5:00 PM",9:00 AM,6:00 PM,"9:00 AM, 6:00 PM",6:00 PM,9:00 AM,"English, French, Spanish"
193,4:30 PM,"8:30 AM, 10:30 AM, 12:30 PM, 5:30 PM, 9:00 PM",12:15 PM,9:00 PM,12:15 PM,9:00 PM,12:15 PM,English
194,5:00 PM,11:00 AM,"11:45 AM, 5:00 PM",,11:45 AM,5:30 PM,,English
195,,"10:00 AM, 2:00 PM",,,,,,English
196,8:00 AM,10:30 AM,8:00 AM,8:00 AM,12:00 PM,8:00 AM,6:30 PM,English
197,"5:00 PM, 9:00 AM, 6:30 PM, 9:00 AM, 6:30 PM","8:00 AM, 9:30 AM, 11:00 AM, 12:45 PM, 1:00 PM",,9:00 AM,9:00 AM,9:00 AM,9:00 AM,English
198,5:30 PM,"7:30 AM, 9:15 AM, 11:30 AM",,7:30 AM,6:00 PM,8:45 AM,7:30 AM,English
199,5:30 PM,9:15 AM,,8:45 AM,8:45 AM,8:45 AM,8:45 AM,English
200,5:00 PM,"9:30 AM, 10:30 AM, 6:00 PM",,,,,,English
201,5:30 PM,"8:00 AM, 10:30 AM",,5:30 PM,8:15 AM,8:15 AM,8:15 AM,English
202,5:30 PM,10:45 AM,,,9:30 AM,,9:30 AM,English
203,6:00 PM,,6:00 PM,,,12:00 PM,,English
204,"8:30 AM, 4:00 PM","8:00 AM, 10:00 AM, 10:30 AM, 12:15 PM, 5:00 PM",,,,,,English
205,4:00 PM,"8:00 AM, 10:00 AM, 12:30 PM, 5:00 PM",12:10 PM,12:10 PM,12:10 PM,12:10 PM,12:10 PM,"English, Spanish"
206,8:10 AM,"4:00 PM, 7:30 AM, 9:00 AM, 10:30 AM, 12:00 PM, 4:00 PM, 5:30 PM, 1:30 PM","6:45 AM, 8:10 AM, 12:10 PM","6:45 AM, 8:10 AM, 12:10 PM, 7:15 AM","6:45 AM, 8:10 AM, 12:10 PM, 1:00 PM","6:45 AM, 8:10 AM, 12:10 PM, 7:00 PM, 7:15 AM","6:45 AM, 8:10 AM, 12:10 PM",English
207,5:00 PM,"7:30 AM, 9:00 AM, 11:30 AM",9:00 AM,9:00 AM,6:15 PM,9:00 AM,9:00 AM,English
208,"4:00 PM, 7:00 PM","7:00 AM, 9:00 AM, 11:00 AM, 1:00 PM",,,7:00 PM,7:00 PM,7:00 PM,English
209,"5:00 PM, 7:00 PM","8:00 AM, 10:00 AM, 12:00 PM, 2:00 PM",7:00 PM,,7:00 PM,,7:00 PM,English
210,"4:30 PM, 5:30 PM","9:00 AM, 9:30 AM, 10:00 AM",,,,,,English
211,"4:00 PM, 6:00 PM","9:00 AM, 11:00 AM, 1:00 PM",8:00 AM,7:00 PM,8:00 AM,,5:00 PM,"English, Spanish"
212,,,,,,,,English
213,"9:00 AM, 5:00 PM","8:30 AM, 10:30 AM, 12:00 PM, 1:00 PM, 5:00 PM",9:00 AM,9:00 AM,"9:00 AM, 7:00 PM",9:00 AM,9:00 AM,"English, Spanish"
214,,,,,,,,English
215,10:00 AM,"10:30 AM, 2:00 PM",12:00 PM,12:00 PM,12:00 PM,,7:00 PM,English
216,"8:30 AM, 5:00 PM","7:00 AM, 8:30 AM, 10:00 AM, 11:30 AM, 1:00 PM, 5:30 PM","8:30 AM, 6:00 PM","8:30 AM, 6:00 PM","8:30 AM, 6:00 PM","8:30 AM, 6:00 PM","8:30 AM, 6:00 PM",English
217,,,,,,,,English
218,,,,,,,,English
219,,,,,,,,English
220,,"5:30 PM, 8:00 AM, 10:00 AM, 11:45 AM",,,,,,English
221,5:00 PM,"8:30 AM, 9:00 AM, 11:00 AM, 5:00 PM",8:30 AM,12:00 PM,12:00 PM,12:00 PM,12:00 PM,English
222,4:30 PM,11:00 AM,,,12:15 PM,,,English
223,"4:00 PM, 5:00 PM","9:00 AM, 10:30 AM",8:30 AM,8:30 AM,8:30 AM,8:30 AM,8:30 AM,English
224,5:00 PM,"8:00 AM, 10:00 AM, 12:00 PM, 2:00 PM, 5:00 PM",,7:00 PM,7:00 PM,7:00 PM,7:00 PM,English
225,"4:30 PM, 5:00 PM","8:00 AM, 10:30 AM",,,,,,English
226,"9:00 AM, 5:00 PM","7:30 AM, 9:00 AM, 11:30 AM, 5:30 PM, 1:30 PM, 3:30 PM",,,,,,"English, Spanish"
227,5:30 PM,9:00 AM,8:30 AM,8:30 AM,8:30 AM,8:30 AM,,English
228,,,,,,,,English
229,"4:00 PM, 9:00 AM, 5:00 PM","7:30 AM, 9:30 AM, 12:00 PM, 2:30 PM, 5:00 PM",9:00 AM,9:00 AM,"9:00 AM, 7:00 PM",9:00 AM,"9:00 AM, 7:00 PM",English
230,5:30 PM,"9:00 AM, 11:30 AM",9:00 AM,9:00 AM,9:00 AM,,9:00 AM,"English, Spanish"
231,5:00 PM,"8:30 AM, 11:00 AM, 4:00 PM",12:10 PM,,12:10 PM,,12:10 PM,English
232,,9:00 AM,,,,,,English
233,,"8:00 AM, 9:30 AM, 11:00 AM",,12:00 PM,7:00 AM,12:00 PM,12:00 PM,English
234,,"11:15 AM, 12:30 PM",,,,,,English
235,6:00 PM,"7:30 AM, 10:00 AM, 11:45 AM",,7:30 PM,10:00 AM,7:30 PM,10:00 AM,English
236,,,,,,,,English
237,5:00 PM,"9:00 AM, 12:00 PM",9:00 AM,12:15 PM,12:15 PM,,9:00 AM,English
238,"9:00 AM, 4:00 PM",11:00 AM,9:00 AM,9:00 AM,9:00 AM,,7:00 PM,English
239,,9:00 AM,,,,,,English
240,,,,,,,,English
241,"5:00 PM, 9:00 AM","7:15 AM, 8:45 AM, 10:45 AM, 12:30 PM, 5:00 PM, 7:00 PM, 8:00 AM, 10:00 AM, 12:00 PM","9:00 AM, 12:10 PM","9:00 AM, 12:10 PM, 7:00 PM","9:00 AM, 7:00 PM","9:00 AM, 12:10 PM","9:00 AM, 12:10 PM","English, Spanish"
242,,"8:00 AM, 10:30 AM, 1:00 PM",12:00 PM,,6:00 PM,9:00 AM,12:00 PM,"English, Spanish"
243,"5:00 PM, 7:00 PM","7:00 AM, 9:00 AM, 11:00 AM, 12:30 PM, 2:00 PM, 5:00 PM",8:30 AM,"8:30 AM, 6:00 PM","8:30 AM, 7:00 PM","8:30 AM, 6:00 PM","8:30 AM, 6:00 PM","English, Spanish"
244,"9:00 AM, 5:00 PM","7:30 AM, 9:00 AM, 11:00 AM, 1:00 PM, 5:00 PM","6:30 AM, 9:00 AM","6:30 AM, 9:00 AM","6:30 AM, 9:00 AM","6:30 AM, 9:00 AM","6:30 AM, 9:00 AM",English
245,4:00 PM,"8:00 AM, 10:00 AM",10:00 AM,6:30 PM,10:00 AM,10:00 AM,10:00 AM,English
246,"8:30 AM, 4:30 PM","7:30 AM, 10:00 AM, 12:15 PM, 2:00 PM, 4:30 PM","6:45 AM, 9:00 AM","6:45 AM, 9:00 AM","6:45 AM, 9:00 AM","6:45 AM, 9:00 AM","6:45 AM, 9:00 AM",English
247,4:30 PM,"8:00 AM, 10:30 AM, 12:30 PM, 5:00 PM",9:00 AM,9:00 AM,9:00 AM,9:00 AM,9:00 AM,English
248,"5:00 PM, 7:00 PM","8:00 AM, 10:00 AM, 12:00 PM",12:15 PM,12:15 PM,12:15 PM,12:15 PM,"12:15 PM, 7:00 PM",English
249,"7:00 AM, 9:00 AM","8:00 AM, 10:30 AM, 1:00 PM","6:30 AM, 8:00 AM","6:30 AM, 8:00 AM","6:30 AM, 8:00 AM","6:30 AM, 8:00 AM","6:30 AM, 7:00 PM",English
250,5:00 PM,"8:00 AM, 10:30 AM",9:00 AM,9:00 AM,9:00 AM,,9:00 AM,English
251,,"4:00 PM, 8:00 AM, 10:00 AM, 12:30 PM",9:00 AM,9:00 AM,9:00 AM,9:00 AM,,English
252,"9:00 AM, 5:00 PM",10:00 AM,"9:00 AM, 6:00 PM",,7:00 PM,7:00 PM,"9:00 AM, 6:00 PM","English, Spanish"
253,,,,,,,,English
254,4:00 PM,"8:30 AM, 11:00 AM, 5:00 PM",8:30 AM,8:30 AM,"8:30 AM, 6:30 PM",8:30 AM,8:30 AM,English
255,"5:30 PM, 6:00 PM","10:00 AM, 10:30 AM",,,7:00 PM,,,English
256,"4:30 PM, 6:00 PM","7:00 AM, 9:00 AM, 11:00 AM, 1:00 PM, 3:00 PM, 5:00 PM",,"8:00 AM, 9:00 AM","8:00 AM, 9:00 AM","8:00 AM, 9:00 AM, 6:00 PM","8:00 AM, 9:00 AM, 6:00 PM","English, Spanish"
257,4:00 PM,"9:00 AM, 12:00 PM, 4:00 PM",,,7:00 PM,,,"English, Spanish"
258,,,,,,,,English
259,"5:30 PM, 7:30 PM","8:00 AM, 9:30 AM, 11:00 AM, 2:00 PM, 5:00 PM",8:00 AM,8:00 AM,"8:00 AM, 6:30 PM",8:00 AM,8:00 AM,"English, Spanish"
260,"5:30 PM, 7:30 PM, 9:00 AM","7:30 AM, 9:30 AM, 11:30 AM, 2:00 PM, 6:00 PM","9:00 AM, 7:30 PM",9:00 AM,"9:00 AM, 7:30 PM",9:00 AM,"9:00 AM, 7:30 PM","English, Spanish"
261,"5:00 PM, 7:00 PM","7:00 AM, 9:00 AM, 11:00 AM, 1:00 PM, 3:00 PM, 5:30 PM",,,,,,English
262,"8:30 AM, 5:00 PM","7:30 AM, 8:30 AM, 10:00 AM, 11:30 AM, 1:00 PM, 5:00 PM, 6:30 PM","7:30 AM, 12:00 PM","7:30 AM, 12:00 PM","7:30 AM, 12:00 PM","7:30 AM, 12:00 PM","7:30 AM, 12:00 PM","English, Spanish"
263,5:00 PM,"8:00 AM, 10:00 AM, 12:30 PM, 2:30 PM, 5:00 PM",,,,,,"English, Spanish"
264,5:00 PM,"8:00 AM, 10:45 AM, 7:15 AM, 10:00 AM",8:00 AM,8:00 AM,6:00 PM,8:00 AM,12:00 PM,English
265,5:30 PM,"8:30 AM, 11:00 AM, 1:00 PM, 4:00 PM",8:30 AM,8:30 AM,5:30 PM,8:30 AM,8:30 AM,"English, French"
266,"4:00 PM, 6:00 PM, 6:00 PM, 7:30 PM","9:00 AM, 11:00 AM",,"9:00 AM, 6:00 PM",9:00 AM,6:30 PM,9:00 AM,"English, Spanish"
267,"4:00 PM, 5:45 PM","9:00 AM, 10:30 AM, 12:30 PM, 2:30 PM",12:00 PM,12:00 PM,2:00 PM,12:00 PM,"12:00 PM, 7:00 PM",English
268,5:00 PM,"8:30 AM, 12:00 PM",6:00 PM,9:00 AM,6:00 PM,9:00 AM,9:00 AM,English
269,5:00 PM,"9:00 AM, 12:00 PM",9:30 AM,9:30 AM,7:00 PM,9:30 AM,9:30 AM,English
270,,,,,,,,English
271,"4:30 PM, 6:30 PM","7:30 AM, 9:00 AM, 11:00 AM, 1:00 PM, 3:00 PM, 5:00 PM",12:00 PM,12:00 PM,12:00 PM,"9:00 AM, 6:00 PM",9:00 AM,"English, Spanish"
272,"9:00 AM, 4:00 PM","8:00 AM, 10:45 AM, 12:45 PM, 4:00 PM","9:00 AM, 6:30 PM","9:00 AM, 6:30 PM","6:30 AM, 9:00 AM","6:30 AM, 9:00 AM","6:30 AM, 9:00 AM",English
273,5:00 PM,"8:00 AM, 9:30 AM, 11:15 AM, 1:15 PM, 5:00 PM",9:00 AM,9:00 AM,"9:00 AM, 7:30 PM",9:00 AM,9:00 AM,"English, Spanish"
274,"9:00 AM, 5:00 PM, 6:00 AM","10:00 AM, 12:00 PM",9:00 AM,"9:00 AM, 7:00 PM","9:00 AM, 7:00 PM","9:00 AM, 7:00 PM",9:00 AM,English
275,5:00 PM,"8:00 AM, 10:00 AM, 12:30 PM","12:15 PM, 7:00 PM, 12:15 PM, 12:15 PM",12:15 PM,7:00 PM,12:15 PM,12:15 PM,English
276,,,,,,,,English
277,4:30 PM,"7:30 AM, 9:00 AM, 10:45 AM, 12:15 PM, 5:00 PM","6:45 AM, 8:30 AM, 12:00 PM, 8:30 AM","6:45 AM, 8:30 AM, 12:00 PM, 8:30 AM","6:45 AM, 8:30 AM, 12:00 PM, 8:30 AM","6:45 AM, 8:30 AM, 12:00 PM, 8:30 AM","6:45 AM, 8:30 AM, 12:00 PM, 8:30 AM",English
278,5:30 PM,"10:00 AM, 12:30 PM",,,,,,English
279,,,,,,,,English
280,5:00 PM,"8:30 AM, 11:00 AM, 1:00 PM, 5:00 PM","8:30 AM, 6:30 PM",8:30 AM,"8:30 AM, 6:30 PM",8:30 AM,"8:30 AM, 11:30 AM",English
281,"5:00 PM, 7:00 PM","7:00 AM, 9:00 AM, 11:00 AM, 1:00 PM",9:00 AM,9:00 AM,9:00 AM,9:00 AM,9:00 AM,"English, Spanish"
282,,"8:00 AM, 10:00 AM, 12:00 PM, 5:00 PM, 2:00 PM","12:00 PM, 7:00 PM",12:00 PM,"12:00 PM, 8:00 PM","12:00 PM, 7:00 PM",12:00 PM,English
283,4:30 PM,"7:45 AM, 9:30 AM, 11:30 AM, 5:00 PM",12:00 PM,12:00 PM,"9:00 AM, 7:00 PM",12:00 PM,12:00 PM,English
284,4:00 PM,"9:00 AM, 12:00 PM, 3:00 PM",,,,,,English
285,"4:30 PM, 5:00 PM","8:30 AM, 11:30 AM, 1:30 PM",,,9:00 AM,,9:00 AM,English
286,9:00 AM,"8:30 AM, 10:00 AM, 11:00 AM",,,12:10 PM,12:10 PM,"12:10 PM, 12:00 PM",English
287,,"7:45 AM, 9:30 AM, 11:30 AM, 2:00 PM, 5:00 PM",,6:30 PM,6:30 PM,6:30 PM,,English
288,5:00 PM,"9:30 AM, 11:30 AM",7:00 AM,7:00 AM,7:00 AM,7:00 AM,7:00 AM,English
289,5:00 PM,"8:00 AM, 10:30 AM",8:30 AM,8:30 AM,8:30 AM,8:30 AM,8:30 AM,English
290,,"8:00 AM, 12:00 PM",,,9:00 AM,9:00 AM,,English
291,"5:00 PM, 8:15 AM","8:00 AM, 11:00 AM",8:15 AM,8:15 AM,8:15 AM,8:15 AM,8:15 AM,English
292,4:00 PM,"8:00 AM, 9:30 AM, 10:00 AM, 12:00 PM",,12:00 PM,12:00 PM,12:00 PM,12:00 PM,"English, Spanish"
293,4:00 PM,"8:30 AM, 10:30 AM, 7:45 AM, 11:45 AM",8:15 AM,8:15 AM,8:15 AM,8:15 AM,8:15 AM,English
294,4:00 PM,"8:30 AM, 11:00 AM",8:00 AM,12:00 PM,6:30 PM,8:00 AM,8:00 AM,English
295,,,,,,,,English
296,,"8:30 AM, 11:00 AM",,,,,,English
297,5:30 PM,"9:30 AM, 12:00 PM, 5:30 PM",12:00 PM,12:00 PM,12:00 PM,12:00 PM,12:00 PM,English
298,"8:30 AM, 4:30 PM","8:30 AM, 10:30 AM, 2:00 PM",8:30 AM,5:30 PM,,5:30 PM,8:30 AM,English
299,5:30 PM,"9:00 AM, 12:00 PM",8:30 AM,8:30 AM,8:30 AM,8:30 AM,8:30 AM,English
300,,,,8:00 AM,8:00 AM,,8:00 AM,English
301,5:30 PM,"8:30 AM, 11:30 PM",8:30 AM,,8:30 AM,,8:30 AM,English
302,4:30 PM,10:00 AM,,5:30 PM,5:30 PM,5:30 PM,5:30 PM,English
303,5:00 PM,"9:00 AM, 11:00 AM",,8:30 AM,,,8:30 AM,English
304,4:00 PM,"8:00 AM, 10:00 AM, 12:00 PM",,,,,,English
305,,8:30 AM,,,,8:30 AM,8:30 AM,English
306,"3:00 PM, 4:00 PM","9:00 AM, 11:00 AM",,,,,,English
307,5:00 PM,"8:00 AM, 10:00 AM, 12:00 PM, 3:00 PM",6:00 PM,8:00 AM,"8:00 AM, 8:00 AM",8:00 AM,8:00 AM,"English, Spanish"
308,,8:00 AM,,,6:30 PM,,,English
309,4:30 PM,"9:00 AM, 10:30 AM",8:15 AM,6:00 PM,8:15 AM,8:15 AM,8:15 AM,English
310,4:00 PM,10:00 AM,,11:00 AM,11:00 AM,11:00 AM,11:00 AM,English
311,,,,,,,,English
312,4:00 PM,"9:30 AM, 12:00 PM",11:30 AM,11:30 AM,11:30 AM,11:30 AM,,English
313,,,"8:15 AM, 8:15 AM, 8:15 AM, 8:15 AM",8:15 AM,8:15 AM,8:15 AM,8:15 AM,English
314,4:00 PM,10:00 AM,,8:00 AM,,,8:00 AM,English
315,"8:15 AM, 5:00 PM","8:00 AM, 10:00 AM, 12:00 PM, 5:00 PM","7:00 AM, 8:15 AM, 12:00 PM","7:00 AM, 8:15 AM, 12:00 PM","7:00 AM, 8:15 AM, 12:00 PM","7:00 AM, 8:15 AM, 12:00 PM","7:00 AM, 8:15 AM, 12:00 PM",English
316,4:00 PM,"8:30 AM, 11:00 AM",8:00 AM,8:00 AM,8:00 AM,8:00 AM,8:00 AM,English
317,,11:00 AM,,,,,,English
318,"6:00 PM, 6:00 PM","8:30 AM, 10:30 AM",8:30 AM,,6:30 PM,,,English
319,,,,,,,,English
320,,9:00 AM,,12:00 PM,9:00 AM,,,English
321,4:30 PM,"7:30 AM, 9:30 AM, 11:30 AM",12:00 PM,12:00 PM,12:00 PM,,12:00 PM,English
322,04:00 PM,,05:30 PM,05:30 PM,,,,English
323,5:00 PM,"9:00 AM, 11:00 AM",9:00 AM,9:00 AM,9:00 AM,9:00 AM,9:00 AM,English
324,"4:00 PM, 8:30 AM, 10:30 AM","8:30 AM, 10:30 AM, 12:00 PM",12:00 PM,12:00 PM,12:00 PM,12:00 PM,"8:30 AM, 10:30 AM, 12:00 PM",English
325,5:00 PM,"9:30 AM, 11:00 AM, 1:00 PM",12:00 PM,,,8:00 AM,,English
326,8:30 AM,"4:00 PM, 8:00 AM, 11:30 AM, 7:00 PM",8:30 AM,8:30 AM,5:30 PM,8:30 AM,8:30 AM,English
327,04:00 PM,11:00 AM,,,,,,English
328,"6:00 PM, 6:00 PM","8:30 AM, 10:30 AM",,8:30 AM,,8:30 AM,,English
329,,9:00 AM,,,,,,English
330,4:00 PM,"9:00 AM, 11:00 AM",5:30 PM,12:10 PM,12:10 PM,,,English
331,4:00 PM,"8:00 AM, 10:00 AM",,,,,,English
332,4:00 PM,"8:30 AM, 10:30 AM",8:00 AM,8:00 AM,,8:00 AM,8:00 AM,English
333,12:05 PM,5:30 PM,,12:05 PM,12:05 PM,12:05 PM,12:05 PM,English
334,9:00 AM,"9:00 AM, 12:00 PM, 8:00 AM, 11:00 AM, 8:00 AM, 10:30 AM, 1:00 PM",9:00 AM,9:00 AM,9:00 AM,9:00 AM,9:00 AM,English
335,4:00 PM,"8:00 AM, 10:00 AM",8:00 AM,8:00 AM,8:00 AM,,,English
336,"4:00 PM, 4:00 PM","9:00 AM, 11:00 AM, 8:00 AM, 10:00 AM, 6:00 PM, 12:00 PM",,,,,,English
337,"4:00 PM, 4:30 PM","8:00 AM, 9:00 AM, 10:30 AM, 12:00 PM, 6:00 PM","7:00 AM, 9:00 AM","7:00 AM, 9:00 AM","7:00 AM, 9:00 AM","7:00 AM, 9:00 AM","7:00 AM, 9:00 AM",English
338,4:00 PM,"5:30 PM, 10:30 AM",,,,,,English
339,4:00 PM,"7:30 AM, 10:30 AM, 5:00 PM",,,6:00 PM,,,English
340,,,,,,,,English
341,9:00 AM,,,,,,12:00 PM,English
342,,9:00 AM,,,,,,English
343,"4:00 PM, 6:00 PM, 8:00 AM, 11:30 AM, 11:30 AM","7:00 AM, 8:15 AM, 10:00 AM, 11:45 AM","8:00 AM, 12:00 PM, 5:30 PM",,5:30 PM,8:00 AM,8:00 AM,English
344,,,,,,,,English
345,,,,,,,,English
346,4:00 PM,"9:00 AM, 12:00 PM",,9:00 AM,,9:00 AM,,English
347,"4:00 PM, 4:00 PM","8:30 AM, 9:00 AM, 10:00 AM, 11:30 AM",,,,,,English
348,"9:00 AM, 4:00 PM","10:00 AM, 12:00 PM",12:05 PM,12:05 PM,12:05 PM,7:00 PM,12:05 PM,English
349,,,12:00 PM,12:00 PM,12:00 PM,12:00 PM,12:00 PM,English
350,"4:30 PM, 6:00 PM","8:30 AM, 10:30 AM",9:00 AM,9:00 AM,9:00 AM,9:00 AM,9:00 AM,English
351,4:00 PM,"8:00 AM, 10:00 AM, 12:00 PM",,,,,,English
352,"4:00 PM, 8:00 AM","7:00 AM, 9:00 AM, 11:00 AM, 5:00 PM",6:30 AM,6:30 AM,6:30 AM,6:30 AM,6:30 AM,English
353,4:00 PM,"7:30 AM, 11:00 AM, 5:00 PM, 1:00 PM, 9:00 AM",,7:30 AM,,,,English
354,"09:00 AM, 04:00 PM, 06:00 PM","08:30 AM, 10:30 AM, 12:30 PM, 06:00 PM",09:00 AM,07:30 AM,"07:30 AM, 07:00 PM",07:30 AM,"07:30 AM, 07:00 PM",English
355,"4:00 PM, 5:00 PM, 7:00 PM","7:30 AM, 9:00 AM, 9:00 AM, 11:00 AM, 6:30 PM","9:00 AM, 7:00 PM",8:00 AM,"9:00 AM, 6:30 PM","7:00 AM, 8:00 AM, 7:00 PM",9:00 AM,"English, Portuguese"
356,4:30 PM,9:30 AM,,,,8:00 AM,8:00 AM,English
357,,,,,,,,English
358,"09:00 AM, 5:00 PM, 7:00 PM","09:00 AM, 7:30 AM, 12:30 PM, 9:30 AM",,"09:00 AM, 6:30 PM, 7:00 PM, 8:00 PM","09:00 AM, 6:30 PM, 7:00 PM","09:00 AM, 6:30 PM, 7:00 PM, 7:30 PM","09:00 AM, 7:30 PM, 6:30 PM, 7:00 PM",English
359,9:00 AM,"4:00 PM, 7:30 AM, 9:00 AM, 11:00 AM, 5:30 PM",,,,,,"English, Latin"
360,,"9:00 AM, 11:30 AM, 5:00 PM",8:00 AM,"8:00 AM, 7:00 PM",8:00 AM,,8:00 AM,English
361,,,,,,,,English
362,7:00 PM,"8:00 AM, 10:00 AM, 12:00 PM, 7:00 PM",,,,,,English
363,,"4:00 PM, 7:30 AM, 4:00 PM, 10:30 AM, 9:00 AM, 5:00 PM",,,,,,English
364,,,,9:00 AM,9:00 AM,9:00 AM,9:00 AM,English
365,4:00 PM,"9:00 AM, 11:00 AM",8:30 AM,8:30 AM,,,8:30 AM,English
366,"8:30 AM, 4:00 PM, 7:00 PM","8:00 AM, 9:30 AM, 11:00 AM",,,,,,English
367,,,,,,,,English
368,5:00 PM,"9:00 AM, 11:30 AM",9:00 AM,,,,6:00 PM,English
369,"4:00 PM, 5:30 PM","7:30 AM, 9:00 AM, 11:00 AM",8:30 AM,8:30 AM,12:05 PM,8:30 AM,12:05 PM,English
370,4:00 PM,"7:30 AM, 9:30 AM, 11:15 AM",,,,,,English
371,,,,,,,,English
372,4:00 PM,"7:00 AM, 9:00 AM, 11:00 AM, 1:00 PM","9:00 AM, 9:00 AM, 5:00 PM","9:00 AM, 9:00 AM, 5:00 PM","9:00 AM, 9:00 AM, 5:00 PM","9:00 AM, 9:00 AM, 5:00 PM","9:00 AM, 9:00 AM, 5:00 PM","English, French"
373,,,,,,,,English
374,4:30 PM,"7:30 AM, 8:45 AM, 11:00 AM",,,"7:00 AM, 9:00 AM",9:00 AM,9:00 AM,English
375,,9:00 AM,,,,,,English
376,"6:30 PM, 8:30 PM","10:00 AM, 12:00 PM, 12:30 PM, 6:00 PM",8:00 AM,8:00 AM,8:00 AM,8:00 AM,8:00 AM,English
377,4:00 PM,"7:30 AM, 9:30 AM, 5:30 PM",,,,,,English
378,4:00 PM,"7:30 AM, 9:00 AM, 11:00 AM",9:00 AM,9:00 AM,9:00 AM,9:00 AM,9:00 AM,English
379,5:00 PM,"10:00 AM, 6:00 PM",12:00 PM,12:00 PM,12:00 PM,12:00 PM,12:00 PM,English
380,,,,,,,,English
381,4:00 PM,,8:00 AM,8:00 AM,8:00 AM,8:00 AM,8:00 AM,English
382,"4:00 PM, 7:00 PM","8:00 AM, 10:00 AM, 12:00 PM, 5:15 PM",,,,,,"English, Spanish"
383,,10:00 AM,9:00 AM,9:00 AM,,,9:00 AM,English
384,"8:00 AM, 4:00 PM","7:30 AM, 10:00 AM",7:30 AM,7:00 PM,7:30 AM,7:30 AM,7:30 AM,English
385,,,,,,,,English
386,4:00 PM,"8:30 AM, 10:00 AM, 12:00 PM","7:00 AM, 9:00 AM","7:00 AM, 9:00 AM","7:00 AM, 9:00 AM",9:00 AM,"7:00 AM, 9:00 AM",English
387,"4:00 PM, 5:30 PM","8:00 AM, 9:30 AM, 11:00 AM, 6:00 PM",,,,,9:00 AM,English
388,4:00 PM,"7:30 AM, 9:30 AM, 11:00 AM",9:00 AM,9:00 AM,9:00 AM,9:00 AM,9:00 AM,English
389,,,9:00 AM,,,,,English
390,9:00 AM,"8:00 AM, 11:30 AM, 6:15 PM",,,,9:00 AM,,English
391,4:00 PM,"9:00 AM, 11:00 AM",8:00 AM,8:00 AM,8:00 AM,,,English
392,4:00 PM,"7:00 AM, 10:00 AM, 11:30 AM, 4:00 PM","6:00 AM, 7:00 AM, 12:05 PM","6:00 AM, 7:00 AM, 12:05 PM","6:00 AM, 7:00 AM, 12:05 PM","6:00 AM, 7:00 AM, 12:05 PM, 5:15 PM","6:00 AM, 7:00 AM, 12:05 PM",English
393,5:30 PM,"9:15 AM, 10:30 AM",,6:00 PM,,,,English
394,4:00 PM,"7:30 AM, 11:00 AM, 9:30 AM",9:00 AM,9:00 AM,9:00 AM,9:00 AM,9:00 AM,English
395,4:00 PM,"9:30 AM, 11:00 AM",,10:30 AM,,7:30 PM,,English
396,,10:30 AM,,,,,,English
397,4:00 PM,"8:00 AM, 9:30 AM, 10:00 AM, 11:30 AM, 5:30 PM",8:00 AM,8:00 AM,8:00 AM,8:00 AM,8:00 AM,English
398,"4:00 PM, 6:00 PM","9:00 AM, 11:00 AM, 1:00 PM",7:00 PM,7:00 PM,7:00 PM,7:00 PM,7:00 PM,English
399,4:00 PM,"9:00 AM, 11:00 AM",,,"9:00 AM, 6:30 PM",9:00 AM,"9:00 AM, 6:30 PM",English
400,5:00 PM,"9:00 AM, 11:00 AM",9:00 AM,9:00 AM,9:00 AM,9:00 AM,,English
401,"5:00 PM, 10:00 AM, 11:30 AM","8:00 AM, 9:30 AM, 11:30 AM, 6:00 PM, 1:30 PM",,,8:00 AM,8:00 AM,8:00 AM,English
402,5:00 PM,"7:00 AM, 9:30 AM, 11:00 AM",,,,,,English
403,"5:30 PM, 4:00 PM","9:00 AM, 11:30 AM, 7:45 AM, 10:15 AM, 6:00 PM","7:00 AM, 8:00 AM",,,,7:00 AM,English
404,11:00 AM,"11:00 AM, 8:00 PM",,,,,,English
405,"7:00 AM, 4:00 PM","8:00 AM, 10:00 AM, 12:00 PM, 5:00 PM","7:00 AM, 9:00 AM, 5:30 PM, 7:00 PM",7:00 AM,7:00 AM,7:00 AM,"7:00 AM, 7:00 PM","English, Spanish"
406,,,,,,,,English
407,"9:00 AM, 12:00 PM, 4:00 PM, 5:30 PM","8:00 AM, 9:15 AM, 10:30 AM, 11:45 AM, 1:15 PM, 4:00 PM, 5:30 PM","8:00 AM, 12:05 PM, 4:45 PM","8:00 AM, 12:05 PM, 4:45 PM","8:00 AM, 12:05 PM, 4:45 PM","8:00 AM, 12:05 PM, 4:45 PM","8:00 AM, 12:05 PM, 4:45 PM",English
408,"4:00 PM, 4:00 PM, 3:30 PM","8:00 AM, 9:30 AM, 11:00 AM, 6:00 PM",8:00 AM,8:00 AM,8:00 AM,8:00 AM,8:00 AM,English
409,"9:00 AM, 4:00 PM, 7:00 PM","8:30 AM, 10:00 AM, 11:30 AM, 11:45 AM",9:00 AM,9:00 AM,"9:00 AM, 7:00 PM",9:00 AM,"9:00 AM, 7:00 PM","English, Spanish"
410,4:00 PM,"7:00 AM, 10:00 AM, 5:00 PM",6:45 AM,6:45 AM,6:45 AM,6:45 AM,6:45 AM,English
411,,9:00 AM,,,,,,English
412,9:00 AM,,,,,,,English
413,,,,,,,,English
414,,"8:30 AM, 10:00 AM, 11:45 AM",,,,,,"Chinese, English"
415,,,,,,,,English
416,"4:00 PM, 5:30 PM","7:30 AM, 9:00 AM, 10:15 AM, 12:00 PM",9:00 AM,7:00 AM,9:00 AM,7:00 AM,9:00 AM,English
417,4:00 PM,"9:00 AM, 11:00 AM, 4:30 PM",12:10 PM,12:10 PM,12:10 PM,,7:00 AM,English
418,"4:00 PM, 10:00 AM, 1:00 PM","9:30 AM, 10:30 AM, 1:30 PM",7:00 PM,,"9:00 AM, 12:00 PM",,,English
419,"4:00 PM, 8:00 AM","8:00 AM, 10:00 AM, 6:30 PM","9:00 AM, 7:00 PM",9:00 AM,9:00 AM,9:00 AM,9:00 AM,English
420,5:00 PM,"7:30 AM, 9:00 AM, 12:00 PM, 5:00 PM",,,,,,English
421,,,9:00 AM,,,,,English
422,,"9:00 AM, 4:00 PM",12:10 PM,12:10 PM,12:10 PM,12:10 PM,12:10 PM,English
423,5:30 PM,"7:30 AM, 11:00 AM",9:00 AM,9:00 AM,9:00 AM,9:00 AM,6:30 PM,English
424,5:30 PM,,,,,,,English
425,,,7:00 PM,7:00 AM,7:00 AM,7:00 AM,7:00 PM,English
426,4:00 PM,"7:30 AM, 9:00 AM, 10:30 AM",9:00 AM,9:00 AM,9:00 AM,9:00 AM,9:00 AM,English
427,,,,,,,,English
428,"4:00 PM, 5:30 PM, 9:00 AM","7:30 AM, 9:00 AM, 11:00 AM, 5:30 PM","6:45 AM, 9:00 AM","6:45 AM, 9:00 AM","6:45 AM, 9:00 AM","6:45 AM, 9:00 AM","6:45 AM, 9:00 AM",English
429,"8:00 AM, 12:00 PM, 4:00 PM","8:00 AM, 10:00 AM, 12:00 PM","8:00 AM, 12:00 PM, 5:30 PM","8:00 AM, 12:00 PM, 5:30 PM","8:00 AM, 12:00 PM, 5:30 PM","8:00 AM, 12:00 PM, 5:30 PM","8:00 AM, 12:00 PM, 5:30 PM",English
430,4:00 PM,"8:00 AM, 9:30 AM, 11:30 AM, 5:00 PM",8:00 AM,8:00 AM,"8:00 AM, 5:30 PM",8:00 AM,,English
431,8:00 AM,"8:00 AM, 10:00 AM, 1:00 PM",8:00 AM,8:00 AM,8:00 AM,8:00 AM,8:00 AM,English
432,"4:00 PM, 9:00 AM","9:00 AM, 12:00 PM, 10:30 AM",9:00 AM,,9:00 AM,,9:00 AM,English
433,4:00 PM,"7:00 AM, 9:00 AM, 11:00 AM, 5:00 PM",,,,,,English
434,4:00 PM,"7:30 AM, 10:30 AM",7:00 AM,7:00 AM,7:00 AM,7:00 AM,7:00 AM,English
435,"5:00 PM, 7:30 PM","7:30 AM, 9:30 AM, 11:30 AM",9:00 AM,9:00 AM,9:00 AM,9:00 AM,9:00 AM,English
436,"3:30 PM, 4:00 PM, 4:00 PM","8:00 AM, 9:30 AM, 11:00 AM, 6:00 PM",8:00 AM,8:00 AM,8:00 AM,8:00 AM,8:00 AM,English
437,4:00 PM,"7:30 AM, 9:30 AM, 11:30 AM",,,9:00 AM,9:00 AM,9:00 AM,English
438,5:30 PM,"7:30 AM, 11:00 AM",9:00 AM,9:00 AM,9:00 AM,9:00 AM,"9:00 AM, 6:30 PM",English
439,4:00 PM,"8:00 AM, 10:00 AM, 9:15 AM, 11:30 AM, 11:30 AM","9:00 AM, 9:00 AM, 9:00 AM, 9:00 AM","9:00 AM, 9:00 AM, 9:00 AM, 9:00 AM","9:00 AM, 9:00 AM, 9:00 AM, 9:00 AM","9:00 AM, 9:00 AM, 9:00 AM, 9:00 AM","9:00 AM, 9:00 AM, 9:00 AM, 9:00 AM",English
440,"7:00 AM, 4:00 PM","7:00 AM, 9:00 AM, 11:00 AM",7:00 AM,7:00 AM,7:00 AM,7:00 AM,7:00 AM,English
441,"9:00 AM, 4:00 PM","8:00 AM, 10:00 AM, 12:00 PM, 5:00 PM, 9:00 AM, 11:00 AM",9:00 AM,9:00 AM,9:00 AM,9:00 AM,9:00 AM,English
442,9:00 AM,"8:00 AM, 10:00 AM, 12:00 PM, 5:00 PM",9:00 AM,9:00 AM,9:00 AM,9:00 AM,9:00 AM,English
443,04:00 PM,10:15 AM,09:00 AM,"12:00 PM, 09:00 AM, 07:00 PM",09:00 AM,09:00 AM,09:00 AM,English
444,7:00 AM,"7:00 AM, 8:30 AM, 10:00 AM, 12:30 PM, 3:00 PM, 5:30 PM",7:00 AM,7:00 AM,7:00 AM,7:00 AM,7:00 AM,English
445,,,,6:00 PM,6:00 PM,"6:00 PM, 7:30 PM",6:00 PM,English
446,,,,,,,,English
447,"9:00 AM, 5:00 PM","7:30 AM, 9:30 AM, 11:00 AM, 5:00 PM","8:00 AM, 12:10 PM","8:00 AM, 12:10 PM","8:00 AM, 12:10 PM","8:00 AM, 12:10 PM","8:00 AM, 12:10 PM",English
448,"4:00 PM, 5:00 PM, 11:00 AM, 2:00 PM, 5:30 PM","9:00 AM, 11:30 AM, 5:00 PM",,,,,,English
449,4:00 PM,"7:30 AM, 9:15 AM, 11:30 AM, 5:00 PM",,,,,,English
450,"4:00 PM, 7:00 PM","9:00 AM, 10:30 AM, 12:30 PM",8:00 AM,8:00 AM,"8:00 AM, 7:00 PM",8:00 AM,8:00 AM,"English, Spanish"
451,4:00 PM,10:00 AM,9:00 AM,9:00 AM,,,9:00 AM,English
452,"4:00 PM, 7:00 PM","8:30 AM, 11:30 AM, 9:30 AM, 7:00 PM",7:00 AM,,7:00 PM,,7:00 AM,English
453,"8:30 AM, 4:00 PM, 4:30 PM","7:30 AM, 9:30 AM, 8:00 AM, 10:00 AM",,,,,,English
454,,,,,,,,English
455,4:00 PM,"7:30 AM, 9:00 AM, 12:00 PM, 10:30 AM",,,,,,English
456,5:00 PM,"8:30 AM, 10:30 AM, 1:00 PM",6:30 PM,,6:30 PM,9:00 AM,,English
457,,"4:30 PM, 8:00 AM, 12:00 PM, 4:00 PM, 10:00 AM",,,,,,English
458,,,,,,,,English
459,4:00 PM,"8:00 AM, 10:00 AM",,,,,,English
460,,"8:30 AM, 10:00 AM",,,,,,English
461,"8:00 AM, 5:00 PM","6:00 AM, 7:30 AM, 9:00 AM, 11:00 AM","6:30 AM, 8:00 AM","6:30 AM, 8:00 AM","6:30 AM, 8:00 AM","6:30 AM, 8:00 AM","6:30 AM, 8:00 AM",English
462,5:00 PM,"8:00 AM, 10:00 AM",7:00 AM,7:00 AM,6:30 PM,7:00 AM,7:00 AM,English
463,,,,,,,,English
464,,,,,,,,English
465,"7:00 AM, 5:00 PM","9:00 AM, 11:00 AM",7:00 AM,7:00 AM,7:00 AM,7:00 AM,7:00 AM,English
466,"8:00 AM, 5:00 PM","7:00 AM, 8:00 AM, 9:15 AM, 10:45 AM, 12:15 PM, 5:30 PM","6:30 AM, 8:00 AM, 12:00 PM","6:30 AM, 8:00 AM, 12:00 PM","6:30 AM, 8:00 AM, 12:00 PM","6:30 AM, 8:00 AM, 12:00 PM","6:30 AM, 8:00 AM, 12:00 PM",English
467,5:00 PM,"8:00 AM, 10:00 AM, 12:00 PM, 5:30 PM","6:30 AM, 8:00 AM",6:30 AM,6:30 AM,6:30 AM,"6:30 AM, 8:00 AM",English
468,,,,,,,,English
469,"8:15 AM, 5:00 PM","7:00 AM, 9:00 AM, 11:00 AM, 6:00 PM","7:00 AM, 8:15 AM","7:00 AM, 8:15 AM","7:00 AM, 8:15 AM, 8:15 AM","7:00 AM, 8:15 AM, 8:15 AM","7:00 AM, 8:15 AM",English
470,"8:00 AM, 5:00 PM","8:00 AM, 10:00 AM, 12:00 PM, 5:00 PM","7:00 AM, 8:00 AM, 12:05 PM","7:00 AM, 8:00 AM, 12:05 PM","7:00 AM, 8:00 AM, 12:05 PM","7:00 AM, 8:00 AM, 12:05 PM","7:00 AM, 8:00 AM, 12:05 PM",English
471,,9:00 AM,,,,,,English
472,"8:00 AM, 5:00 PM","8:00 AM, 9:45 AM, 11:30 AM",8:00 AM,8:00 AM,8:00 AM,8:00 AM,8:00 AM,English
473,4:00 PM,"8:30 AM, 10:00 AM",8:00 AM,,,,8:00 AM,English
474,"4:00 PM, 5:30 PM","7:00 AM, 8:30 AM, 10:15 AM, 12:00 PM","6:00 AM, 8:00 AM","6:00 AM, 8:00 AM","6:00 AM, 8:00 AM, 8:00 AM","6:00 AM, 8:00 AM","6:00 AM, 8:00 AM",English
475,5:00 PM,"7:30 AM, 9:00 AM, 11:00 AM",,,,,,English
476,5:00 PM,"7:30 AM, 9:00 AM, 11:00 AM",6:30 AM,6:30 AM,6:30 AM,8:00 AM,8:00 AM,English
477,8:00 AM,"5:00 PM, 7:30 AM, 9:30 AM, 11:30 AM, 5:00 PM","6:30 AM, 8:00 AM","6:30 AM, 8:00 AM","6:30 AM, 8:30 AM","6:30 AM, 8:00 AM","6:30 AM, 8:00 AM",English
478,5:00 PM,"8:00 AM, 10:30 AM",8:00 AM,8:00 AM,8:00 AM,8:00 AM,8:00 AM,English
479,"5:00 PM, 8:00 AM","7:00 AM, 8:30 AM, 10:15 AM, 12:00 PM, 5:00 PM",6:30 AM,"6:30 AM, 5:30 PM",6:30 AM,6:30 AM,6:30 AM,English
480,,,,,,,,English
481,"4:15 PM, 8:00 AM","7:00 AM, 10:00 AM",,8:00 AM,8:00 AM,8:00 AM,8:00 AM,English
482,"8:00 AM, 4:00 PM","7:30 AM, 10:00 AM",8:00 AM,8:00 AM,"8:00 AM, 6:30 PM",8:00 AM,8:00 AM,English
483,,,,,,,,English
484,5:00 PM,"7:30 AM, 9:30 AM, 11:30 AM",7:30 AM,7:30 AM,7:30 AM,7:30 AM,7:30 AM,English
485,8:15 AM,"6:30 AM, 8:00 AM, 10:00 AM","6:30 AM, 12:15 PM","6:30 AM, 12:15 PM","6:30 AM, 12:15 PM","6:30 AM, 12:15 PM","6:30 AM, 12:15 PM",English
486,"5:00 PM, 4:00 PM","9:00 AM, 8:30 AM, 10:00 AM, 7:30 AM, 11:00 AM",,,,,,English
487,,,,,,,,English
488,"8:00 AM, 5:00 PM","8:00 AM, 10:00 AM",8:00 AM,8:00 AM,8:00 AM,8:00 AM,8:00 AM,English
489,4:30 PM,"8:30 AM, 10:30 AM, 11:00 AM",7:30 AM,7:30 AM,8:00 AM,7:30 AM,7:30 AM,English
490,8:00 AM,10:00 AM,8:00 AM,8:00 AM,8:00 AM,8:00 AM,8:00 AM,English
491,"4:00 PM, 5:00 PM","7:00 AM, 10:30 AM, 5:00 PM",7:30 AM,7:30 AM,7:30 AM,"7:30 AM, 9:35 AM, 5:30 PM",7:30 AM,English
492,4:00 PM,"8:00 AM, 11:00 AM",8:00 AM,8:00 AM,8:15 AM,8:00 AM,8:00 AM,English
493,,9:00 AM,,,,,,English
494,5:00 PM,"8:00 AM, 10:00 AM",8:00 AM,8:00 AM,8:00 AM,8:00 AM,8:00 AM,English
495,"8:15 AM, 5:00 PM","7:30 AM, 9:00 AM, 10:30 AM, 12:00 PM","6:15 AM, 8:15 AM","6:15 AM, 8:15 AM","6:15 AM, 8:15 AM","6:15 AM, 8:15 AM","6:15 AM, 8:15 AM",English
496,8:00 AM,"7:45 AM, 9:30 AM",8:00 AM,8:00 AM,8:00 AM,8:00 AM,8:00 AM,English
497,"8:15 AM, 5:00 PM","7:00 AM, 9:00 AM, 11:00 AM, 6:00 PM","7:00 AM, 8:15 AM","7:00 AM, 8:15 AM","7:00 AM, 8:15 AM, 8:15 AM","7:00 AM, 8:15 AM, 8:15 AM","7:00 AM, 8:15 AM",English
498,5:00 PM,"8:00 AM, 10:00 AM, 5:00 PM, 2:00 PM",8:00 AM,8:00 AM,8:00 AM,8:00 AM,8:00 AM,"English, Spanish"
499,4:30 PM,"7:00 AM, 9:00 AM, 11:00 AM",8:00 AM,8:00 AM,8:00 AM,8:00 AM,8:00 AM,English
500,4:30 PM,"8:00 AM, 10:00 AM","8:00 AM, 7:00 PM","8:00 AM, 7:00 PM","8:00 AM, 7:00 PM","8:00 AM, 7:00 PM","8:00 AM, 7:00 PM",English
501,4:30 PM,"7:30 AM, 9:30 AM, 11:30 AM, 5:00 PM","6:30 AM, 8:00 AM","6:30 AM, 8:00 AM","6:30 AM, 8:00 AM","6:30 AM, 8:00 AM","6:30 AM, 8:00 AM",English
502,9:30 AM,10:00 AM,,11:30 AM,,,,English
503,"4:30 PM, 8:00 AM","7:00 AM, 9:00 AM, 11:00 AM, 11:00 AM","6:30 AM, 12:00 PM","6:30 AM, 12:00 PM, 5:30 PM","6:30 AM, 12:00 PM, 8:00 AM, 5:30 PM","6:30 AM, 12:00 PM, 5:30 PM","6:30 AM, 12:00 PM","English, Italian"
504,4:00 PM,"7:00 AM, 9:00 AM, 10:00 AM, 11:00 AM",,,,,,English
505,5:00 PM,"7:30 AM, 10:00 AM",8:00 AM,8:00 AM,8:00 AM,8:00 AM,8:00 AM,English
506,"7:30 AM, 8:45 AM, 4:30 PM","7:30 AM, 9:00 AM, 11:00 AM, 5:30 PM","6:45 AM, 7:30 AM, 5:30 PM","6:45 AM, 7:30 AM, 5:30 PM","6:45 AM, 7:30 AM, 5:30 PM","6:45 AM, 7:30 AM, 5:30 PM","6:45 AM, 7:30 AM, 8:30 AM, 5:30 PM",English
507,4:00 PM,11:00 AM,,,,8:00 AM,8:00 AM,English
508,4:00 PM,"7:30 AM, 10:00 AM",6:30 AM,6:30 AM,6:30 AM,6:30 AM,6:30 AM,English
509,4:00 PM,"8:00 AM, 10:00 AM",,,,,,English
510,5:00 PM,"8:00 AM, 10:00 AM, 12:00 PM, 5:30 PM",6:30 AM,6:30 AM,6:30 AM,6:30 AM,6:30 AM,English
511,5:00 PM,"7:30 AM, 9:00 AM, 10:30 AM, 12:00 PM",8:15 AM,8:15 AM,8:15 AM,8:15 AM,8:15 AM,English
512,5:00 PM,"7:30 AM, 9:00 AM, 10:30 AM",,,,,,English
513,"8:00 AM, 11:00 AM","8:00 AM, 9:00 AM, 11:00 AM, 6:00 PM",6:00 PM,6:00 PM,6:00 PM,,6:00 PM,"English, Spanish"
514,"8:00 AM, 5:00 PM","7:00 AM, 8:00 AM, 9:00 AM, 10:00 AM, 11:00 AM, 12:30 PM","6:30 AM, 8:00 AM","6:30 AM, 8:00 AM","6:30 AM, 8:00 AM, 6:15 PM","6:30 AM, 8:00 AM","6:30 AM, 8:00 AM","English, Spanish"
515,,,,,,,,English
516,4:00 PM,"7:30 AM, 9:30 AM, 11:30 AM",,,,,,English
517,"8:00 AM, 4:00 PM","7:00 AM, 9:00 AM, 10:30 AM, 12:30 PM","7:00 AM, 8:00 AM","7:00 AM, 8:00 AM","7:00 AM, 8:00 AM","7:00 AM, 8:00 AM","7:00 AM, 8:00 AM","English, Spanish"
518,"8:15 AM, 5:00 PM","6:30 AM, 8:00 AM, 9:45 AM, 11:30 AM","6:15 AM, 8:15 AM","6:15 AM, 8:15 AM","6:15 AM, 8:15 AM","6:15 AM, 8:15 AM","6:15 AM, 8:15 AM",English
519,"4:00 PM, 5:15 PM","8:00 AM, 10:30 AM",8:00 AM,"8:00 AM, 6:00 PM",8:00 AM,"8:00 AM, 6:00 PM",8:00 AM,English
520,,,,,,,,English
521,,,,,,,,English
522,"8:00 AM, 5:00 PM","7:00 AM, 8:00 AM, 9:00 AM, 10:00 AM, 11:00 AM, 12:30 PM","6:30 AM, 8:00 AM","6:30 AM, 8:00 AM","6:30 AM, 8:00 AM, 6:15 PM","6:30 AM, 8:00 AM","6:30 AM, 8:00 AM","English, Spanish"
523,5:15 PM,"8:00 AM, 10:30 AM, 4:30 PM, 8:00 PM",,,,,,English
524,"5:00 PM, 7:00 AM, 4:30 PM","6:30 AM, 9:00 AM, 10:00 AM, 5:30 PM","6:00 AM, 8:00 AM","6:00 AM, 8:00 AM","6:00 AM, 8:00 AM","6:00 AM, 8:00 AM","6:00 AM, 8:00 AM",English
525,5:00 PM,"7:00 AM, 9:00 AM, 11:00 AM",,,,,,English
526,5:00 PM,,,8:00 AM,,8:00 AM,,English
527,,7:30 AM,,,8:00 AM,,,English
528,,,,,,,,English
529,,"8:00 AM, 10:00 AM",,8:15 AM,,8:00 AM,,English
530,,,8:15 AM,8:15 AM,8:15 AM,8:15 AM,8:15 AM,English
531,"4:00 PM, 8:15 AM, 5:00 PM","7:30 AM, 9:30 AM, 12:00 PM","6:30 AM, 8:15 AM",6:30 AM,"6:30 AM, 8:15 AM",6:30 AM,"6:30 AM, 8:15 AM",English
532,4:30 PM,"7:00 AM, 9:00 AM, 11:00 AM",8:00 AM,8:00 AM,8:00 AM,8:00 AM,8:00 AM,English
533,,,,,,,,English
534,,,,,,,,English
535,,,,,,,,English
536,5:00 PM,"7:00 AM, 8:45 AM, 10:30 AM, 12:15 PM","6:30 AM, 8:00 AM, 1:30 PM, 7:00 PM",,,,,English
537,5:00 PM,"7:30 AM, 9:00 AM, 10:30 AM",,,,,,English
538,,,,,,,,English
539,8:00 AM,"4:30 PM, 7:00 AM, 8:30 AM, 10:00 AM, 11:30 AM, 12:45 PM, 4:30 PM",6:30 AM,"6:30 AM, 8:00 AM","6:30 AM, 8:00 AM","6:30 AM, 8:00 AM","6:30 AM, 8:00 AM",English
540,4:30 PM,"7:30 AM, 10:00 AM",,8:00 AM,8:00 AM,8:00 AM,8:00 AM,English
541,5:00 PM,10:30 AM,,,,6:30 AM,6:30 AM,English
542,,,,,,,,English
543,,2:00 PM,,,,,,English
544,"8:00 AM, 4:30 PM","7:30 AM, 9:30 AM, 11:30 AM","6:30 AM, 8:00 AM","6:30 AM, 8:00 AM","6:30 AM, 8:00 AM","6:30 AM, 8:00 AM","6:30 AM, 8:00 AM",English
545,4:30 PM,"8:00 AM, 10:00 AM",6:30 AM,6:30 AM,"6:30 AM, 8:15 AM",6:30 AM,6:30 AM,English
546,,,,,,,,English
547,,7:30 AM,,,8:00 AM,,,English
548,,11:00 AM,,,,,,English
549,,,,,,,,English
550,,,,,,,,English
551,4:00 PM,"8:00 AM, 10:00 AM",7:00 AM,7:00 AM,7:00 AM,7:00 AM,7:00 AM,English
552,"8:15 AM, 4:00 PM","7:30 AM, 9:30 AM, 12:00 PM","6:30 AM, 8:15 AM",6:30 AM,"6:30 AM, 8:15 AM",6:30 AM,"6:30 AM, 8:15 AM",English
553,"8:00 AM, 5:00 PM","7:00 AM, 9:00 AM, 11:00 AM, 5:00 PM","6:30 AM, 8:00 AM","6:30 AM, 8:00 AM","6:30 AM, 8:00 AM","6:30 AM, 8:00 AM","6:30 AM, 8:00 AM",English
554,,,8:00 AM,,,,,English
555,5:00 PM,"8:00 AM, 10:00 AM, 5:00 PM",,,,,,English
556,"5:00 PM, 3:30 PM, 4:45 PM, 10:00 AM","7:00 AM, 8:00 AM, 9:00 AM, 10:00 AM, 11:00 AM, 12:30 PM, 8:00 PM","6:30 AM, 8:00 AM",,9:30 AM,,,"English, Spanish"
557,4:30 PM,"8:00 AM, 10:00 AM",8:00 AM,8:00 AM,8:00 AM,8:00 AM,8:00 AM,English
558,4:30 PM,9:00 AM,8:00 AM,8:00 AM,8:00 AM,8:00 AM,8:00 AM,English
559,"8:15 AM, 5:00 PM","6:30 AM, 8:00 AM, 9:45 AM, 11:30 AM","6:15 AM, 8:15 AM","6:15 AM, 8:15 AM","6:15 AM, 8:15 AM","6:15 AM, 8:15 AM","6:15 AM, 8:15 AM",English
560,5:00 PM,9:00 AM,7:00 AM,7:00 AM,6:30 PM,7:00 AM,7:00 AM,English
561,"8:00 AM, 5:00 PM","7:30 AM, 9:30 AM, 11:00 AM, 10:00 AM, 10:50 AM",,,,,,English
562,,8:00 AM,,,,,,English
563,5:00 PM,"7:30 AM, 9:00 AM, 11:00 AM",8:00 AM,8:00 AM,8:00 AM,8:00 AM,8:00 AM,English
564,"8:00 AM, 4:30 PM","7:00 AM, 9:00 AM","6:00 AM, 8:00 AM","6:00 AM, 8:00 AM","6:00 AM, 8:00 AM","6:00 AM, 8:00 AM","6:00 AM, 8:00 AM",English
565,4:30 PM,"9:00 AM, 11:00 AM",12:05 PM,12:05 PM,12:05 PM,12:05 PM,12:05 PM,English
566,4:00 PM,"10:00 AM, 12:00 PM",7:00 AM,7:00 AM,7:00 AM,7:00 AM,7:00 AM,English
567,"8:00 AM, 5:00 PM","6:00 AM, 8:30 AM, 10:30 AM",8:00 AM,8:00 AM,8:00 AM,8:00 AM,8:00 AM,English
568,4:30 PM,"7:30 AM, 9:30 AM",7:00 AM,8:00 AM,7:00 AM,7:00 AM,7:00 AM,English
569,5:00 PM,9:30 AM,,,12:05 PM,,,English
570,"08:00 AM, 5:00 PM","6:00 AM, 8:30 AM, 10:30 AM",08:00 AM,08:00 AM,08:00 AM,08:00 AM,08:00 AM,English
571,"4:00 PM, 5:00 PM, 5:30 PM, 8:30 AM, 9:00 AM","7:30 AM, 9:00 AM, 10:00 AM, 11:00 AM, 12:00 PM, 11:15 AM",,,,,,"English, Latin"
572,7:30 PM,"8:00 AM, 9:00 AM, 10:30 AM, 12:00 PM","7:30 AM, 9:00 AM","7:30 AM, 9:00 AM","7:30 AM, 9:00 AM","7:30 AM, 9:00 AM","7:30 AM, 9:00 AM",English
573,5:30 PM,"9:30 AM, 11:00 AM, 12:30 PM, 6:00 PM","12:00 PM, 7:00 PM","12:00 PM, 7:00 PM","12:00 PM, 7:00 PM","12:00 PM, 7:00 PM","12:00 PM, 7:00 PM","English, Spanish"
574,"5:00 PM, 12:15 PM","8:30 AM, 10:30 AM, 9:00 AM, 10:30 AM, 12:00 PM, 6:00 PM",,9:00 AM,,,,English
575,,,,,,,,English
576,5:00 PM,"8:30 AM, 10:00 AM, 12:00 PM, 6:00 PM, 8:00 PM",6:30 PM,12:00 PM,12:00 PM,12:00 PM,12:00 PM,English
577,4:00 PM,"8:00 AM, 11:00 AM",9:00 AM,9:00 AM,7:00 PM,9:00 AM,,English
578,,"5:30 PM, 8:00 AM, 11:00 AM, 8:30 PM","8:00 AM, 12:10 PM",1:10 PM,,,,English
579,,,,,,,,English
580,"7:00 AM, 5:15 PM","7:30 AM, 9:00 AM, 10:00 AM, 11:00 AM, 5:15 PM","7:00 AM, 12:15 PM",5:30 PM,"7:00 AM, 12:15 PM",5:30 PM,"7:00 AM, 12:15 PM",English
581,"12:00 PM, 4:30 PM","8:30 AM, 10:00 AM, 12:00 PM, 1:30 PM, 5:30 PM","8:30 AM, 12:00 PM, 5:30 PM","8:30 AM, 12:00 PM, 5:30 PM","8:30 AM, 12:00 PM, 5:30 PM","8:30 AM, 12:00 PM, 5:30 PM","8:30 AM, 12:00 PM, 5:30 PM","English, Spanish"
582,4:00 PM,"9:00 AM, 12:00 PM, 6:00 PM, 8:00 AM, 9:30 AM, 11:00 AM","8:00 AM, 7:30 AM, 7:00 PM","8:00 AM, 7:30 AM, 7:00 PM","8:00 AM, 7:30 AM, 7:00 PM","8:00 AM, 7:30 AM, 7:00 PM","8:00 AM, 7:30 AM, 7:00 PM",English
583,,,,,,,,English
584,,,,,,,,English
585,,,,,7:00 PM,,7:00 PM,English
586,5:30 PM,9:30 AM,9:00 AM,,9:00 AM,,9:00 AM,English
587,"9:00 AM, 4:00 PM, 5:30 PM","8:00 AM, 9:15 AM, 10:30 AM, 12:00 PM, 1:00 PM, 2:30 PM","7:00 AM, 9:00 AM","7:00 AM, 9:00 AM","7:00 AM, 9:00 AM","7:00 AM, 9:00 AM","7:00 AM, 9:00 AM",English
588,,,,,,,,English
589,5:00 PM,"7:30 AM, 10:00 AM, 12:00 PM",8:00 AM,8:00 AM,8:00 AM,8:00 AM,8:00 AM,English
590,"8:30 AM, 5:30 PM","8:00 AM, 10:00 AM, 12:00 PM","8:30 AM, 12:00 PM","8:30 AM, 12:00 PM","8:30 AM, 12:00 PM","8:30 AM, 12:00 PM","8:30 AM, 12:00 PM",English
591,4:00 PM,"8:00 AM, 9:30 AM, 11:00 AM, 12:00 PM, 6:00 PM",,,,,,English
592,4:00 PM,"4:00 PM, 5:30 PM, 8:00 AM, 9:30 AM, 11:00 AM, 12:30 PM, 7:00 PM",,,,,,English
593,5:00 PM,"8:00 AM, 10:00 AM, 12:00 PM, 5:00 PM",7:45 AM,7:45 AM,7:45 AM,7:45 AM,7:45 AM,English
594,"5:30 PM, 7:15 PM","8:30 AM, 10:00 AM, 11:30 AM, 4:00 PM, 5:30 PM","7:00 AM, 9:00 AM","7:00 AM, 9:00 AM","7:00 AM, 9:00 AM","7:00 AM, 9:00 AM","7:00 AM, 9:00 AM","English, Spanish"
595,5:00 PM,"7:00 AM, 9:00 AM, 11:00 AM, 1:00 PM",9:30 AM,9:30 AM,9:30 AM,9:30 AM,9:30 AM,English
596,"5:00 PM, 7:00 PM, 8:30 AM","8:00 AM, 10:00 AM, 12:00 PM, 2:00 PM, 7:00 PM","7:00 AM, 12:10 PM","7:00 AM, 12:10 PM","7:00 AM, 12:10 PM","7:00 AM, 12:10 PM","7:00 AM, 12:10 PM","English, Korean, Spanish"
597,"8:00 AM, 12:10 PM, 5:10 PM","8:30 AM, 11:00 AM, 12:30 PM, 5:00 PM, 7:00 PM",,,,,,"English, Spanish"
598,,"10:00 AM, 12:00 PM, 2:00 PM",,12:00 PM,7:30 PM,12:00 PM,7:30 PM,"English, French, Spanish"
599,"4:00 PM, 5:30 PM, 8:00 AM","7:30 AM, 9:30 AM, 11:00 AM, 12:30 PM","7:00 AM, 9:00 AM","7:00 AM, 9:00 AM","7:00 AM, 9:00 AM","7:00 AM, 9:00 AM","7:00 AM, 9:00 AM",English
600,"5:00 PM, 6:30 PM","8:00 AM, 10:00 AM, 12:00 PM, 6:00 PM",8:00 AM,8:00 AM,8:00 AM,8:00 AM,"8:00 AM, 7:30 PM",English
601,,,,,,,,English
602,9:15 AM,"9:45 AM, 12:30 PM, 3:00 PM",8:30 AM,6:00 PM,"8:30 AM, 7:00 PM",6:00 PM,8:30 AM,"English, Spanish"
603,"12:00 PM, 5:00 PM","7:30 AM, 9:00 AM, 10:30 AM, 11:45 AM, 1:00 PM, 5:00 PM","6:30 AM, 8:30 AM","6:30 AM, 8:30 AM","6:30 AM, 8:30 AM","6:30 AM, 8:30 AM","6:30 AM, 8:30 AM",English
604,,,,,,,,English
605,5:30 PM,"9:30 AM, 11:30 AM",,,9:00 AM,9:00 AM,9:00 AM,English
606,"8:00 AM, 5:00 PM","8:00 AM, 10:00 AM, 12:00 PM, 3:00 PM, 6:00 PM",,,,,,English
607,"5:00 PM, 3:30 PM","9:00 AM, 11:00 AM, 1:00 PM",,,,,,English
608,5:30 PM,"8:00 AM, 10:00 AM, 10:00 AM, 12:00 PM",,,,7:00 PM,,"English, Spanish"
609,,10:00 AM,,,,,,English
610,,10:30 AM,,,,,,English
611,"5:00 PM, 7:00 PM, 9:00 AM","8:30 AM, 10:00 AM, 11:30 AM, 1:30 PM, 3:30 PM, 5:00 PM, 7:00 PM","9:00 AM, 12:00 PM, 7:00 PM","9:00 AM, 12:00 PM, 7:00 PM","9:00 AM, 12:00 PM, 7:00 PM","9:00 AM, 12:00 PM, 7:00 PM","9:00 AM, 12:00 PM, 7:00 PM",English
612,,"9:00 AM, 11:00 AM, 12:30 PM",,,,,,English
613,5:30 PM,"7:30 AM, 9:30 AM, 11:30 AM, 1:00 PM","8:00 AM, 12:10 PM","8:00 AM, 12:10 PM","8:00 AM, 12:10 PM","8:00 AM, 12:10 PM","8:00 AM, 12:10 PM","English, Spanish"
614,11:00 AM,"4:00 PM, 5:15 PM, 8:00 AM, 9:15 AM, 10:00 AM, 11:00 AM, 12:30 PM, 5:00 PM","7:30 AM, 12:00 PM, 5:30 PM","7:30 AM, 12:00 PM, 5:30 PM","7:30 AM, 12:00 PM, 5:30 PM","7:30 AM, 12:00 PM, 5:30 PM","7:30 AM, 12:00 PM, 5:30 PM","English, Korean"
615,"12:05 PM, 5:00 PM, 10:00 AM, 11:00 AM, 1:00 PM, 3:00 PM, 6:30 PM","9:00 AM, 11:30 AM, 5:00 PM",,,,,,English
616,"8:30 AM, 5:30 PM","8:00 AM, 9:30 AM, 11:00 AM, 11:00 AM, 7:30 PM","8:30 AM, 12:10 PM, 5:30 PM","8:30 AM, 12:10 PM, 5:30 PM","8:30 AM, 12:10 PM, 5:30 PM","8:30 AM, 12:10 PM, 5:30 PM","8:30 AM, 12:10 PM, 5:30 PM",English
617,"12:00 PM, 5:00 PM","9:00 AM, 11:00 AM, 4:00 PM, 3:15 PM",12:00 PM,12:00 PM,12:00 PM,12:00 PM,12:00 PM,English
618,"5:15 PM, 4:00 PM","11:15 AM, 10:00 AM","9:00 AM, 8:00 AM",8:00 AM,"9:00 AM, 8:00 AM",8:00 AM,9:00 AM,English
619,,9:00 AM,"9:00 AM, 12:15 PM, 7:00 PM",,,,,"English, Spanish"
620,"8:00 AM, 4:00 PM, 7:00 PM","7:30 AM, 9:00 AM, 9:00 AM, 11:00 AM, 11:00 AM, 11:00 AM, 12:30 PM, 1:00 PM, 5:00 PM",,,,,,"English, Portuguese, Spanish"
621,,,,,,,,English
622,5:30 PM,"9:00 AM, 11:30 AM, 6:00 PM",12:10 PM,12:10 PM,12:10 PM,12:10 PM,12:10 PM,English
623,5:30 PM,"7:00 AM, 9:00 AM, 10:15 AM, 11:30 AM, 1:00 PM",,,,,,English
624,"8:00 AM, 12:15 PM, 4:00 PM","8:00 AM, 10:00 AM, 12:00 PM, 2:00 PM, 6:00 PM","7:00 AM, 12:15 PM","7:00 AM, 12:15 PM","7:00 AM, 12:15 PM","7:00 AM, 12:15 PM","7:00 AM, 12:15 PM",English
625,"5:00 PM, 7:30 PM","8:00 AM, 9:30 AM, 11:00 AM, 12:30 PM, 5:30 PM",,,,,,English
626,"4:30 PM, 5:45 PM","7:30 AM, 9:00 AM, 10:30 AM, 12:00 PM, 5:30 PM","7:00 AM, 9:00 AM",,,,"7:00 AM, 9:00 AM",English
627,"8:30 AM, 5:15 PM","7:30 AM, 9:00 AM, 11:00 AM",8:30 AM,8:30 AM,8:30 AM,8:30 AM,8:30 AM,English
628,"8:20 AM, 9:00 AM, 5:00 PM","8:30 AM, 10:00 AM, 12:00 PM","8:20 AM, 9:00 AM","8:20 AM, 9:00 AM","8:20 AM, 9:00 AM","8:20 AM, 9:00 AM","8:20 AM, 9:00 AM",English
629,4:00 PM,"8:30 AM, 10:00 AM, 11:30 AM",8:00 AM,8:00 AM,8:00 AM,8:00 AM,8:00 AM,English
630,,,,,,,,English
631,"12:00 PM, 5:30 PM","8:00 AM, 10:00 AM, 12:00 PM, 5:00 PM",12:00 PM,12:00 PM,12:00 PM,12:00 PM,12:00 PM,English
632,"7:45 AM, 7:00 PM","8:00 AM, 9:30 AM, 11:30 AM, 1:30 PM","8:30 AM, 12:00 PM","8:30 AM, 12:00 PM","8:30 AM, 12:00 PM","8:30 AM, 12:00 PM, 7:00 PM","8:30 AM, 12:00 PM","English, Spanish"
633,4:00 PM,"8:00 AM, 10:00 AM, 12:00 PM, 6:00 PM",,,,,,English
634,"8:30 AM, 5:00 PM","8:00 AM, 10:00 AM, 12:30 PM, 5:00 PM","7:30 AM, 12:10 PM","7:30 AM, 12:10 PM","7:30 AM, 12:10 PM","7:30 AM, 12:10 PM","7:30 AM, 12:10 PM","English, Spanish"
635,,,,,,,,English
636,4:00 PM,"8:00 AM, 9:30 AM, 11:00 AM, 12:00 PM, 6:00 PM",,,,,,English
637,"8:00 AM, 9:00 AM, 5:00 PM, 6:00 PM, 7:00 PM, 8:00 PM","7:30 AM, 8:30 AM, 8:30 AM, 9:30 AM, 10:00 AM, 11:00 AM, 11:30 AM, 12:30 PM, 12:45 PM, 1:45 PM, 5:00 PM, 6:00 PM","7:30 AM, 8:30 AM, 7:00 PM, 8:00 PM","7:30 AM, 8:30 AM, 9:00 AM, 10:00 AM","7:30 AM, 8:30 AM, 7:00 PM, 8:00 PM","7:30 AM, 8:30 AM, 7:00 PM, 8:00 PM","7:30 AM, 8:30 AM, 7:00 PM, 8:00 PM","English, Spanish"
638,"9:00 AM, 5:00 PM","8:00 AM, 9:15 AM, 10:30 AM, 12:00 PM","8:00 AM, 11:30 AM","8:00 AM, 11:30 AM","8:00 AM, 11:30 AM","8:00 AM, 11:30 AM","8:00 AM, 11:30 AM",English
639,,,,,,,,English
640,,,,,,,,English
641,"8:00 AM, 7:00 PM","8:00 AM, 9:00 AM, 11:00 AM","8:00 AM, 6:00 PM","8:00 AM, 6:00 PM","8:00 AM, 6:00 PM","8:00 AM, 6:00 PM","8:00 AM, 6:00 PM",English
642,"9:00 AM, 6:00 PM",,,9:00 AM,9:00 AM,9:00 AM,7:00 PM,English
643,4:00 PM,"7:30 AM, 9:00 AM, 10:30 AM, 12:30 PM, 5:00 PM",,,,,,English
644,5:00 PM,"10:00 AM, 12:00 PM",8:30 AM,8:30 AM,8:30 AM,8:30 AM,8:30 AM,English
645,,,,,,,,English
646,7:30 PM,"9:00 AM, 11:00 AM",,,,7:30 PM,7:30 PM,English
647,,9:00 AM,,,,,,English
648,5:00 PM,"8:00 AM, 11:30 AM, 9:45 AM",7:30 AM,7:30 AM,7:30 AM,7:30 AM,7:30 AM,English
649,,"9:00 AM, 9:30 AM, 11:20 AM, 12:30 PM",,,,,6:00 PM,English
650,"5:00 PM, 6:30 PM","7:30 AM, 10:00 AM, 12:00 PM, 1:30 PM, 3:15 PM",6:30 PM,6:30 PM,6:30 PM,6:30 PM,6:30 PM,"English, Spanish"
651,4:30 PM,11:00 AM,4:30 PM,4:30 PM,4:30 PM,4:30 PM,4:30 PM,English
652,,11:00 AM,,,,,,English
653,5:00 PM,"9:00 AM, 11:30 AM",,9:00 AM,12:00 PM,7:00 PM,9:00 AM,English
654,5:00 PM,"8:30 AM, 12:30 PM",,,,,,English
655,4:00 PM,"10:45 AM, 12:30 PM",,8:00 AM,,8:30 AM,8:30 AM,English
656,,,,,,,,English
657,"6:00 AM, 8:00 AM","8:00 AM, 10:30 AM, 5:30 PM","6:00 AM, 8:00 AM","6:00 AM, 8:00 AM","6:00 AM, 8:00 AM","6:00 AM, 8:00 AM","6:00 AM, 8:00 AM, 6:00 PM",English
658,5:00 PM,"9:00 AM, 11:30 AM",6:00 PM,12:00 PM,12:00 PM,9:00 AM,,English
659,,10:30 AM,,,,5:30 PM,,English
660,"4:00 PM, 7:00 PM","8:30 AM, 11:00 AM, 5:00 PM, 1:00 PM, 3:00 PM, 7:00 PM",7:30 AM,8:30 AM,8:30 AM,"8:30 AM, 6:30 PM",8:30 AM,"English, Spanish"
661,4:00 PM,"8:00 AM, 10:00 AM, 12:00 PM, 4:00 PM",12:00 PM,12:00 PM,12:00 PM,12:00 PM,12:00 PM,"English, Spanish"
662,5:00 PM,"8:00 AM, 10:30 AM",,7:00 AM,5:30 PM,12:00 PM,12:00 PM,English
663,5:00 PM,"7:30 AM, 10:00 AM, 12:15 PM",,5:30 PM,5:30 PM,5:30 PM,7:30 AM,"English, Spanish"
664,"8:45 AM, 5:00 PM","10:00 AM, 12:00 PM, 3:00 PM",8:15 AM,8:15 AM,"8:15 AM, 6:00 PM",8:15 AM,8:15 AM,English
665,,,,,,,,English
666,,,,,,,,English
667,5:00 PM,9:00 AM,,,12:00 PM,,,English
668,5:00 PM,"8:30 AM, 11:00 AM, 5:00 PM, 6:00 PM",,,,,,English
669,5:00 PM,"8:30 AM, 10:30 AM, 12:30 PM",,6:00 PM,7:30 AM,7:30 AM,7:30 AM,English
670,,,11:35 AM,11:35 AM,11:35 AM,11:35 AM,11:35 AM,English
671,,11:00 AM,"6:30 AM, 12:10 PM",,,6:30 PM,,English
672,5:00 PM,"8:00 AM, 10:00 AM, 12:00 PM",,,,,,English
673,"12:05 PM, 5:00 PM","8:00 AM, 9:30 AM, 11:00 AM, 12:30 PM, 3:15 PM, 5:00 PM","12:05 PM, 5:15 PM","12:05 PM, 5:15 PM","12:05 PM, 5:15 PM","12:05 PM, 5:15 PM","12:05 PM, 5:15 PM",English
674,5:30 PM,"7:00 AM, 9:00 AM, 11:00 AM, 12:30 PM, 2:00 PM, 2:00 PM",8:15 AM,8:15 AM,8:15 AM,8:15 AM,8:15 AM,English
675,5:00 PM,"8:00 AM, 10:00 AM, 12:00 PM, 6:00 PM",,8:30 AM,"8:30 AM, 7:00 PM",8:30 AM,8:30 AM,"English, Spanish"
676,"5:00 PM, 6:30 PM","7:15 AM, 10:30 AM, 8:30 AM, 12:30 PM, 2:30 PM, 6:00 PM","8:30 AM, 6:00 PM","8:30 AM, 6:00 PM","8:30 AM, 6:00 PM","8:30 AM, 6:00 PM","8:30 AM, 6:00 PM",English
677,8:30 AM,"10:30 AM, 1:30 PM",,"12:00 PM, 7:00 PM",12:00 PM,7:30 PM,"12:00 PM, 8:30 PM","English, Spanish"
678,4:00 PM,10:00 AM,,5:00 PM,7:00 AM,7:00 AM,7:00 AM,English
679,5:00 PM,"8:00 AM, 10:30 AM","9:00 AM, 9:00 AM, 9:00 AM","9:00 AM, 9:00 AM, 9:00 AM","9:00 AM, 9:00 AM, 9:00 AM","9:00 AM, 9:00 AM, 9:00 AM","9:00 AM, 9:00 AM, 9:00 AM",English
680,"5:00 PM, 7:00 PM","7:00 AM, 9:00 AM, 11:00 AM, 1:00 PM",,,,,,English
681,5:00 PM,"8:00 AM, 11:00 AM",,7:00 AM,7:00 AM,7:00 AM,7:00 AM,English
682,"5:00 PM, 7:00 PM","7:00 AM, 9:00 AM, 11:00 AM, 1:00 PM",,,,,,English
683,5:30 PM,"7:30 AM, 9:30 AM, 12:00 PM, 5:00 PM",6:30 PM,6:30 PM,6:30 PM,6:30 PM,6:30 PM,"English, Spanish"
684,5:00 PM,"8:00 AM, 10:00 AM, 12:00 PM, 5:00 PM",8:15 AM,8:15 AM,8:15 AM,8:15 AM,7:00 PM,English
685,5:00 PM,"7:00 AM, 9:00 AM, 11:00 AM, 1:00 PM, 3:00 PM, 5:00 PM",,,,,,"English, Spanish"
686,,"7:00 AM, 11:00 AM, 1:00 PM, 9:00 AM",,,,7:00 PM,,English
687,5:00 PM,"7:00 AM, 9:00 AM, 11:00 AM, 1:00 PM","8:15 AM, 12:10 PM","8:15 AM, 12:10 PM","8:15 AM, 12:10 PM","8:15 AM, 12:10 PM","8:15 AM, 12:10 PM",English
688,,9:00 AM,7:30 AM,7:30 AM,7:30 AM,7:30 AM,7:30 AM,English
689,5:00 PM,"7:30 AM, 10:00 AM",,,,,,English
690,5:00 PM,"9:00 AM, 10:30 AM, 12:00 PM","7:00 PM, 7:00 PM, 7:00 PM, 10:00 AM",7:00 PM,7:00 PM,7:00 PM,10:00 AM,English
691,4:30 PM,"9:30 AM, 12:00 PM",,7:00 PM,9:00 AM,9:00 AM,9:00 AM,"English, Spanish"
692,"8:15 AM, 5:00 PM","7:30 AM, 10:00 AM, 12:00 PM, 2:30 PM, 5:00 PM, 7:00 PM",8:15 AM,8:15 AM,"8:15 AM, 7:00 PM",8:15 AM,8:15 AM,"English, Spanish"
693,5:00 PM,"8:00 AM, 10:00 AM, 12:00 PM, 5:00 PM",8:15 AM,8:15 AM,8:15 AM,8:15 AM,8:15 AM,"English, Spanish"
694,"6:00 PM, 11:00 AM, 1:00 PM, 5:15 PM, 5:45 PM","9:00 AM, 11:00 AM, 10:00 AM",,8:00 AM,8:00 AM,8:00 AM,"6:15 PM, 6:45 PM, 7:00 PM",English
695,9:00 AM,"8:00 AM, 9:30 AM, 11:15 AM, 12:30 PM, 2:00 PM",,12:00 PM,12:00 PM,12:00 PM,12:00 PM,English
696,"7:00 PM, 8:30 PM","8:00 AM, 10:00 AM",7:00 PM,,7:00 PM,7:00 PM,7:00 PM,English
697,5:00 PM,"9:00 AM, 11:00 AM",,,,,,"English, Spanish"
698,6:00 PM,"7:00 AM, 9:00 AM, 11:00 AM, 4:00 PM, 6:00 PM",,,,,,English
699,5:00 PM,"9:00 AM, 11:00 AM, 5:00 PM",8:00 AM,,8:30 AM,,8:00 AM,English
700,,9:00 AM,9:00 AM,,9:00 AM,,9:00 AM,English
701,,,,,,,,English
702,5:00 PM,"8:00 AM, 10:00 AM, 12:30 PM",,7:00 PM,7:15 AM,7:15 AM,8:15 AM,"English, Spanish"
703,5:00 PM,"8:00 AM, 9:30 AM, 11:00 AM",9:00 AM,9:00 AM,9:00 AM,9:00 AM,9:00 AM,English
704,,,,,,,,English
705,6:30 PM,"8:00 AM, 10:30 AM",,,9:00 AM,9:00 AM,9:00 AM,English
706,"5:00 PM, 8:40 AM","9:00 AM, 11:00 AM, 5:00 PM",8:40 AM,8:40 AM,"8:40 AM, 6:30 PM",8:40 AM,8:40 AM,English
707,,,,,,,,English
708,5:00 PM,"8:00 AM, 10:30 AM",,9:00 AM,6:00 PM,9:00 AM,9:00 AM,English
709,4:30 PM,"8:30 AM, 11:00 AM",,,,,,English
710,4:00 PM,"8:00 AM, 10:00 AM, 1:00 PM",,,9:00 AM,9:00 AM,6:30 PM,"English, Spanish"
711,"11:00 AM, 4:00 PM",8:00 AM,12:00 PM,6:00 PM,,9:00 AM,,English
712,5:00 PM,"9:00 AM, 11:00 AM, 1:00 PM",,12:15 PM,,"12:15 PM, 7:00 PM",,English
713,,11:00 AM,,,6:00 PM,8:00 AM,,English
714,,,,,,,,English
715,"4:00 PM, 5:00 PM, 6:00 PM","8:30 AM, 10:30 AM, 9:00 AM, 11:00 AM, 6:00 PM",9:00 AM,12:15 PM,"8:30 AM, 8:30 AM",8:30 AM,"8:30 AM, 12:15 PM",English
716,5:00 PM,8:30 AM,,,9:00 AM,,,English
717,5:00 PM,"9:00 AM, 11:00 AM",9:00 AM,,6:00 PM,9:00 AM,9:00 AM,English
718,5:00 PM,9:30 AM,,9:30 AM,9:30 AM,9:30 AM,9:30 AM,English
719,,"10:00 AM, 5:00 PM, 7:00 PM, 9:00 PM",,,9:00 PM,,,English
720,"8:00 AM, 10:00 AM","7:00 AM, 8:30 AM, 10:30 AM, 1:00 PM",8:00 AM,8:00 AM,8:00 AM,8:00 AM,"7:30 PM, 12:10 PM",English
721,5:00 PM,9:00 AM,9:00 AM,9:00 AM,5:30 PM,9:00 AM,9:00 AM,English
722,"4:00 PM, 4:00 PM",,,,"9:00 AM, 9:00 AM, 9:30 AM, 6:00 PM",,,English
723,,,,,,,,English
724,"8:00 AM, 5:00 PM","8:30 AM, 10:30 AM, 12:30 PM",,6:00 PM,,6:00 PM,6:00 PM,English
725,"5:00 PM, 9:00 AM","9:00 AM, 11:00 AM",,,6:00 PM,9:00 AM,9:00 AM,English
726,5:00 PM,1:00 PM,,,,9:00 AM,,English
727,5:00 PM,"9:00 AM, 10:30 AM",9:00 AM,9:00 AM,"9:00 AM, 6:30 PM",9:00 AM,9:00 AM,English
728,4:00 PM,"8:30 AM, 11:00 AM",,,9:00 AM,9:00 AM,9:00 AM,English
729,"9:00 AM, 5:00 PM","7:30 AM, 9:00 AM, 11:00 AM",7:30 AM,7:30 AM,7:30 AM,7:30 AM,9:00 AM,English
730,5:00 PM,"8:30 AM, 11:00 AM",,,,,,English
731,4:30 PM,"7:45 AM, 9:45 AM, 4:00 PM",,,,,,English
732,"5:00 PM, 5:00 PM","9:00 AM, 9:00 AM, 9:00 AM",9:00 AM,11:00 AM,11:00 AM,"9:00 AM, 6:00 PM, 10:00 AM",11:00 AM,English
733,,,"12:10 PM, 7:00 PM",,,,,English
734,5:00 PM,8:30 AM,,,9:30 AM,,9:30 AM,English
735,5:00 PM,"8:30 AM, 10:30 AM, 12:15 PM",,,9:00 AM,9:00 AM,9:00 AM,English
736,5:00 PM,"9:00 AM, 11:00 AM, 5:00 PM",,,,,,English
737,5:30 PM,"9:00 AM, 12:00 PM",9:00 AM,,6:00 PM,9:00 AM,9:00 AM,English
738,,9:30 AM,,,,,9:00 AM,English
739,"9:00 AM, 5:00 PM","8:00 AM, 10:00 AM, 12:00 PM, 2:00 PM, 10:00 AM",9:00 AM,9:00 AM,9:00 AM,9:00 AM,9:00 AM,"English, Korean, Spanish"
740,,"10:00 AM, 8:00 AM, 12:00 PM, 2:00 PM, 5:00 PM, 7:00 PM",,,,,,English
741,4:30 PM,"7:45 AM, 9:45 AM, 4:00 PM",,,,,,English
742,"8:30 AM, 4:00 PM",11:00 AM,,8:30 AM,,,,English
743,5:00 PM,9:00 AM,8:00 AM,8:00 AM,8:00 AM,,,English
744,,10:30 AM,,6:00 PM,,,9:00 AM,English
745,,,,,,,,English
746,5:00 PM,11:00 AM,,9:00 AM,5:30 PM,,8:45 AM,English
747,5:00 PM,,,,,,,English
748,5:00 PM,"7:30 AM, 9:00 AM, 10:30 AM, 5:00 PM, 12:00 PM, 1:30 PM",8:00 AM,8:00 AM,"8:45 AM, 7:00 PM",8:00 AM,8:00 AM,English
749,5:00 PM,"8:00 AM, 9:30 AM",,,9:30 AM,9:30 AM,9:30 AM,English
750,5:00 PM,"8:00 AM, 10:00 AM",,,9:00 AM,6:00 PM,9:00 AM,English
751,5:00 PM,"8:00 AM, 10:00 AM, 12:00 PM",,,,,,"English, Spanish"
752,5:00 PM,"8:00 AM, 10:00 AM",8:00 AM,,8:45 AM,8:00 AM,8:00 AM,English
753,6:00 PM,10:00 AM,9:00 AM,,6:00 PM,,9:00 AM,English
754,5:00 PM,"8:00 AM, 10:00 AM, 12:30 PM",9:00 AM,9:00 AM,9:00 AM,9:00 AM,9:00 AM,English
755,"5:00 PM, 7:00 PM","7:45 AM, 11:15 AM",10:30 AM,,6:00 PM,,,English
756,5:00 PM,10:30 AM,,,,,,English
757,6:00 PM,"10:30 AM, 1:00 PM",10:30 AM,,6:00 PM,10:30 AM,10:30 AM,English
758,5:00 PM,"8:00 AM, 10:00 AM, 12:01 PM, 3:30 PM",,"12:00 PM, 6:00 PM",12:00 PM,12:00 PM,12:00 PM,English
759,5:00 PM,"9:00 AM, 11:00 AM, 12:30 PM",7:30 AM,7:30 AM,"7:30 AM, 6:00 PM",7:30 AM,8:30 AM,English
760,5:00 PM,"8:00 AM, 10:00 AM",9:00 AM,9:00 AM,,9:00 AM,9:00 AM,English
761,5:30 PM,"9:00 AM, 1:00 PM, 4:30 PM",,9:00 AM,9:00 AM,9:00 AM,9:00 AM,English
762,5:00 PM,10:30 AM,"8:30 AM, 8:30 AM","8:30 AM, 8:30 AM",8:30 AM,"8:30 AM, 8:30 AM",8:30 AM,English
763,5:00 PM,9:00 AM,9:00 AM,9:00 AM,10:30 AM,,9:00 AM,English
764,,,,,,,,English
765,5:00 PM,"9:00 AM, 11:00 AM",9:00 AM,9:00 AM,9:00 AM,9:00 AM,9:00 AM,English
766,"5:00 PM, 5:30 PM","9:00 AM, 11:30 AM, 5:30 PM",9:00 AM,9:00 AM,9:00 AM,6:30 PM,"9:00 AM, 7:30 PM","English, Spanish"
767,5:00 PM,"8:30 AM, 10:30 AM",,,,,,English
768,,,,,,,,English
769,,8:00 AM,12:00 PM,6:00 PM,,9:00 AM,,English
770,,9:00 AM,,,,,,English
771,,10:30 AM,,6:00 PM,,,9:00 AM,English
772,,"8:30 AM, 10:30 AM, 5:00 PM",9:00 AM,6:00 PM,9:00 AM,9:00 AM,9:00 AM,English
773,,,,,,,,English
774,,"9:00 AM, 11:00 AM, 5:30 PM",,,,,,English
775,9:00 AM,"7:00 AM, 8:30 AM, 10:30 AM, 1:00 PM",8:00 AM,8:00 AM,8:00 AM,8:00 AM,"8:00 AM, 6:30 PM",English
776,,"9:00 AM, 11:30 AM, 5:00 PM",8:30 AM,8:30 AM,8:30 AM,8:30 AM,,"English, Spanish"
777,5:00 PM,"9:00 AM, 11:00 AM",9:00 AM,,9:00 AM,9:00 AM,9:00 AM,English
778,5:00 PM,10:00 AM,,12:10 PM,,12:10 PM,12:10 PM,English
779,5:00 PM,"8:00 AM, 9:45 AM, 12:00 PM","8:00 AM, 7:30 PM, 8:00 AM, 7:30 PM, 10:00 AM",8:00 AM,7:30 PM,8:00 AM,7:30 PM,English
780,"5:00 PM, 9:00 AM","8:30 AM, 10:30 AM",9:00 AM,,6:00 PM,9:00 AM,9:00 AM,English
781,,"8:30 AM, 10:00 AM","8:30 AM, 5:00 PM",8:00 AM,8:00 AM,"8:00 AM, 8:30 AM",8:00 AM,English
782,,,,,,,,English
783,9:00 AM,8:30 AM,,6:00 PM,9:00 AM,9:00 AM,9:00 AM,English
784,5:00 PM,"8:00 AM, 10:30 AM",9:00 AM,9:00 AM,9:00 AM,9:00 AM,9:00 AM,English
785,9:30 AM,"8:30 AM, 11:00 AM",12:00 PM,12:00 PM,5:30 PM,12:00 PM,12:00 PM,English
786,"4:00 PM, 5:00 PM, 6:00 PM","8:30 AM, 10:30 AM, 9:00 AM, 11:00 AM, 6:00 PM",9:00 AM,12:15 PM,"8:30 AM, 8:30 AM",8:30 AM,"8:30 AM, 12:15 PM",English
787,5:00 PM,"8:00 AM, 9:30 AM",,,9:30 AM,9:30 AM,9:30 AM,English
788,"9:00 AM, 11:00 AM, 4:00 PM, 6:00 PM","8:00 AM, 8:00 AM, 10:00 AM, 10:00 AM, 12:00 PM","9:00 AM, 12:00 PM",6:00 PM,"10:30 AM, 6:00 PM","9:00 AM, 6:00 PM","9:00 AM, 10:30 AM","English, Spanish"
789,,"9:00 AM, 11:00 AM, 5:30 PM",,7:00 AM,,,7:00 AM,English
790,,,,,,,,English
791,5:00 PM,"8:00 AM, 10:00 AM",,,,,,English
792,"5:00 PM, 9:00 AM","7:00 AM, 9:00 AM, 11:00 AM, 1:00 PM",12:00 PM,12:00 PM,12:00 PM,12:00 PM,9:00 AM,English
793,5:00 PM,"8:00 AM, 10:00 AM",9:00 AM,,6:00 PM,9:00 AM,9:00 AM,English
794,"7:45 AM, 5:00 PM","9:00 AM, 11:00 AM, 1:00 PM",8:30 AM,7:45 AM,7:45 AM,7:45 AM,7:45 AM,English
795,5:00 PM,"9:00 AM, 11:00 AM",9:00 AM,,,"9:00 AM, 6:00 PM",9:00 AM,English
796,,,,,,,,English
797,"06:00 PM, 09:30 AM","08:00 AM, 09:30 AM, 11:00 AM",,07:30 PM,10:00 AM,07:30 PM,10:00 AM,English
798,4:00 PM,8:30 AM,,6:00 PM,,8:10 AM,,English
799,5:30 PM,"8:30 AM, 10:30 AM",,,,,,English
800,,,,,,,,English
801,,8:00 AM,,,,,,English
802,5:00 PM,"9:00 AM, 11:00 AM, 5:00 PM",9:00 AM,9:00 AM,9:00 AM,9:00 AM,9:00 AM,English
803,,,,,,,,English
804,5:00 PM,"8:30 AM, 10:30 AM",8:30 AM,6:00 PM,8:30 AM,8:30 AM,8:30 AM,English
805,,,,,,,,English
806,,,,,,,,English
807,6:00 PM,"11:00 AM, 9:00 AM, 5:00 PM",9:00 AM,9:00 AM,7:00 PM,,7:00 PM,English
808,"8:30 AM, 4:00 PM, 6:00 PM","7:30 AM, 9:30 AM, 11:30 AM, 5:00 PM, 4:00 PM",11:00 AM,11:00 AM,11:00 AM,11:00 AM,11:00 AM,English
809,,6:30 AM,,,,,,English
810,4:00 PM,9:30 AM,9:15 AM,,9:15 AM,,9:15 AM,English
811,9:00 AM,"8:00 AM, 10:00 AM, 12:00 PM",8:00 AM,8:00 AM,8:00 AM,8:00 AM,8:00 AM,English
812,,,,,"10:30 AM, 11:30 AM","6:00 PM, 7:00 PM",,English
813,"8:00 AM, 4:30 PM","8:00 AM, 9:30 AM, 11:00 AM, 7:00 PM",7:00 AM,7:00 AM,7:00 AM,7:00 AM,7:00 AM,English
814,5:30 PM,"7:30 AM, 9:30 AM, 11:30 AM",,,,,,English
815,,,,,,,,English
816,"5:30 PM, 10:00 AM, 12:00 PM, 3:00 PM","7:30 AM, 9:00 AM, 11:30 AM, 5:30 PM, 10:15 AM","8:00 AM, 5:30 PM, 7:00 PM, 6:30 PM","8:00 AM, 5:30 PM, 4:00 PM, 4:00 PM, 5:45 PM, 7:30 PM, 9:30 PM, 11:30 PM","8:00 AM, 5:30 PM, 9:30 AM, 11:30 AM","8:00 AM, 5:30 PM","8:00 AM, 5:30 PM, 8:45 AM",English
817,"5:30 PM, 5:00 PM","9:00 AM, 11:00 AM, 6:00 PM, 8:30 AM, 10:30 AM, 5:30 PM","7:30 AM, 7:10 AM, 8:00 AM","6:30 PM, 6:10 PM, 7:00 PM","7:30 AM, 7:10 AM, 8:00 AM","6:30 PM, 6:10 PM, 7:15 PM","7:30 AM, 7:10 AM, 8:00 AM","English, Latin"
818,4:30 PM,"8:00 AM, 10:45 AM, 5:00 PM",8:15 AM,8:15 AM,8:15 AM,8:15 AM,8:15 AM,English
819,,9:00 AM,,,,,,English
820,5:00 PM,"7:30 AM, 9:00 AM, 10:30 AM, 12:00 PM",,,,,,English
821,5:00 PM,"8:00 AM, 11:00 AM",8:00 AM,8:00 AM,,8:00 AM,8:00 AM,English
822,"9:00 AM, 5:00 PM, 7:00 PM","7:30 AM, 9:00 AM, 10:45 AM, 12:30 PM, 5:00 PM, 12:15 PM, 4:30 PM","6:30 AM, 9:00 AM","6:30 AM, 9:00 AM","6:30 AM, 9:00 AM","6:30 AM, 9:00 AM","6:30 AM, 9:00 AM","English, French, Spanish"
823,"5:00 PM, 7:30 PM","8:30 AM, 10:00 AM, 11:30 AM, 1:00 PM",9:00 AM,9:00 AM,"9:00 AM, 7:00 PM",9:00 AM,9:00 AM,"English, French"
824,5:00 PM,"7:00 AM, 9:00 AM, 11:00 AM, 2:00 PM, 5:00 PM",,,,,,"English, Korean"
825,4:30 PM,10:00 AM,8:00 AM,8:00 AM,8:00 AM,8:00 AM,,English
826,5:30 PM,"8:00 AM, 10:45 AM",8:30 AM,8:30 AM,8:30 AM,8:30 AM,8:30 AM,English
827,,,,,,,,English
828,4:00 PM,9:00 AM,8:30 AM,8:30 AM,8:30 AM,8:30 AM,8:30 AM,English
829,,"10:00 AM, 12:00 PM",,,,,,English
830,4:00 PM,"8:30 AM, 11:00 AM",,8:00 AM,8:00 AM,8:00 AM,8:00 AM,English
831,"4:00 PM, 7:30 AM","7:30 AM, 9:00 AM, 10:30 AM, 12:30 PM, 2:00 PM",9:00 AM,9:00 AM,10:00 AM,9:00 AM,9:00 AM,English
832,4:30 PM,"6:30 AM, 8:00 AM, 10:30 AM",,8:00 AM,7:00 PM,8:00 AM,8:00 AM,English
833,"9:00 AM, 5:00 PM","7:00 AM, 9:00 AM, 12:00 PM",12:00 PM,12:00 PM,12:00 PM,12:00 PM,12:00 PM,English
834,6:00 PM,"7:30 AM, 9:45 AM, 11:00 AM, 12:30 PM, 5:00 PM","7:30 PM, 7:30 PM, 9:30 AM, 9:30 AM",7:30 PM,9:30 AM,9:30 AM,7:30 PM,English
835,4:30 PM,"8:15 AM, 11:15 AM, 3:00 PM",8:00 AM,8:00 AM,8:00 AM,8:00 AM,8:00 AM,English
836,"7:30 AM, 5:00 PM","7:30 AM, 9:00 AM, 11:00 AM","6:30 AM, 5:00 PM","6:30 AM, 5:00 PM","6:30 AM, 5:00 PM","6:30 AM, 5:00 PM","6:30 AM, 8:30 AM",English
837,5:00 PM,"8:00 AM, 10:30 AM",,,,,,English
838,,7:30 AM,,,,,,English
839,5:30 PM,"8:00 AM, 11:30 AM",,,,,,English
840,"5:00 PM, 7:00 PM","7:30 AM, 10:30 AM, 12:30 PM",,9:00 AM,,,,English
841,4:00 PM,"8:30 AM, 11:00 AM, 1:00 PM",9:00 AM,9:00 AM,6:30 PM,9:00 AM,7:00 PM,English
842,4:30 PM,"8:30 AM, 10:30 AM, 12:30 PM",8:00 AM,8:00 AM,8:00 AM,8:00 AM,8:00 AM,English
843,5:00 PM,"8:00 AM, 10:45 AM, 1:00 PM",8:00 AM,8:00 AM,8:00 AM,8:00 AM,8:00 AM,English
844,"8:00 AM, 5:00 PM","7:00 AM, 9:00 AM, 11:30 AM",,,,,,English
845,5:00 PM,"8:00 AM, 10:00 AM",,8:00 AM,8:00 AM,,8:00 AM,English
846,4:00 PM,"9:00 AM, 11:00 AM",9:00 AM,9:00 AM,9:00 AM,9:00 AM,,English
847,"5:30 PM, 8:30 AM","8:30 AM, 10:30 AM, 12:00 PM","8:00 AM, 12:10 PM","8:00 AM, 12:10 PM","8:00 AM, 12:10 PM","8:00 AM, 12:10 PM","8:00 AM, 12:10 PM",English
848,6:30 PM,10:30 AM,,12:00 PM,,,,English
849,4:00 PM,"8:30 AM, 11:00 AM, 1:15 PM, 1:15 PM",10:00 AM,,,10:00 AM,,"English, French"
850,4:00 PM,"8:00 AM, 11:00 AM",8:00 AM,8:00 AM,8:00 AM,8:00 AM,8:00 AM,English
851,,,,,,,,English
852,"9:00 AM, 5:00 PM, 7:00 PM","7:00 AM, 9:00 AM, 5:00 PM, 8:00 AM, 10:30 AM, 12:00 PM, 1:30 PM, 6:30 PM","6:30 AM, 9:00 AM",7:00 PM,"6:30 AM, 9:00 AM","6:30 AM, 9:00 AM, 7:00 PM","6:30 AM, 9:00 AM, 7:00 PM",English
853,5:00 PM,"9:00 AM, 12:00 PM",,,,,,English
854,,,,,,,,English
855,5:30 PM,"7:30 AM, 9:30 AM, 11:30 AM",8:00 AM,8:00 AM,8:00 AM,8:00 AM,8:00 AM,English
856,,,,,,,,English
857,"4:00 PM, 7:00 PM","8:00 AM, 9:45 AM, 11:30 AM, 1:30 PM, 6:00 PM",8:30 AM,8:30 AM,8:30 AM,8:30 AM,8:30 AM,English
858,8:00 AM,10:00 AM,,,6:00 PM,,,English
859,5:00 PM,"7:00 AM, 8:30 AM, 10:00 AM, 11:30 AM, 1:00 PM, 6:00 PM","6:30 AM, 9:00 AM","6:30 AM, 9:00 AM","6:30 AM, 9:00 AM","6:30 AM, 9:00 AM","6:30 AM, 9:00 AM",English
860,4:00 PM,10:00 AM,,,,,,English
861,,,,,,,,English
862,5:00 PM,"8:00 AM, 10:30 AM",,8:15 AM,5:30 PM,8:15 AM,8:15 AM,English
863,,,,,8:00 AM,,,English
864,"4:30 PM, 5:00 PM","8:30 AM, 8:30 AM, 10:30 AM, 10:30 AM",,,,,,English
865,,,,,,,,English
866,"7:00 AM, 5:15 PM","9:15 AM, 11:30 AM",,7:00 AM,7:00 AM,7:00 AM,7:00 AM,English
867,"4:30 PM, 5:30 PM, 8:00 AM, 5:00 PM","7:30 AM, 8:30 AM, 9:30 AM, 10:30 AM, 8:30 AM, 10:30 AM","6:30 AM, 7:00 AM, 12:00 PM, 12:30 PM, 8:00 AM","6:30 AM, 8:00 AM","8:10 AM, 12:00 PM, 12:30 PM, 8:00 AM","8:00 AM, 12:10 PM","8:00 AM, 12:00 PM, 12:30 PM",English
868,"5:00 PM, 8:00 AM","8:00 AM, 10:00 AM, 12:00 PM, 7:30 AM, 9:30 AM, 11:30 AM",12:00 PM,12:00 PM,12:00 PM,12:00 PM,6:00 PM,English
869,5:00 PM,10:00 AM,,,,7:00 AM,,English
870,,,,,,,,English
871,,9:00 AM,8:00 AM,,,,8:00 AM,English
872,8:30 AM,11:00 AM,,8:30 AM,,8:30 AM,,English
873,"8:00 AM, 4:30 PM","8:00 AM, 10:00 AM, 12:00 PM","7:00 AM, 12:00 PM","7:00 AM, 12:00 PM","7:00 AM, 12:00 PM","7:00 AM, 12:00 PM","7:00 AM, 12:00 PM",English
874,4:00 PM,9:00 AM,9:00 AM,,9:00 AM,,,English
875,,,,,,,,English
876,,9:00 AM,8:00 AM,,12:00 PM,,8:00 AM,English
877,4:30 PM,"8:00 AM, 10:30 AM",8:15 AM,8:15 AM,,,,English
878,4:30 PM,10:30 AM,,,,,,English
879,4:00 PM,10:30 AM,,4:00 PM,,,,English
880,"4:00 PM, 5:00 PM","8:00 AM, 9:00 AM, 10:30 AM, 11:30 AM",,,,,,English
881,4:00 PM,10:30 AM,8:00 AM,,8:45 AM,,,English
882,4:00 PM,"8:00 AM, 10:30 AM",8:00 AM,5:30 PM,12:00 PM,8:00 AM,12:00 PM,English
883,"4:00 PM, 5:30 PM","9:00 AM, 10:30 AM",8:00 AM,8:00 AM,8:00 AM,8:00 AM,6:00 PM,English
884,,9:00 AM,8:30 AM,"8:15 AM, 8:30 AM","8:15 AM, 8:30 AM",,8:30 AM,English
885,,"8:00 AM, 10:00 AM",,,,,,English
886,4:00 PM,9:00 AM,,5:15 PM,9:00 AM,5:15 PM,9:00 AM,English
887,"8:30 AM, 5:00 PM","7:00 AM, 9:00 AM, 11:00 AM, 6:00 PM","6:30 AM, 9:00 AM, 6:00 PM","6:30 AM, 8:30 AM","6:30 AM, 8:30 AM","6:30 AM, 9:00 AM","6:30 AM, 8:30 AM",English
888,"4:30 PM, 5:00 PM, 5:30 PM","7:30 AM, 8:00 AM, 9:00 AM, 10:30 AM, 11:00 AM",8:30 AM,8:30 AM,8:30 AM,"8:30 AM, 6:30 PM",8:30 AM,"English, Spanish"
889,4:00 PM,"8:30 AM, 10:30 AM",8:00 AM,8:00 AM,8:00 AM,8:00 AM,8:00 AM,English
890,4:00 PM,9:30 AM,8:00 AM,,"5:30 PM, 8:00 AM",4:00 PM,8:00 AM,English
891,,,,,,,,English
892,,"9:30 AM, 7:30 AM, 9:30 AM, 7:30 AM, 9:30 AM, 7:30 AM",,,,,,English
893,"8:30 AM, 4:00 PM","7:30 AM, 9:30 AM, 11:00 AM","8:30 AM, 6:00 PM","8:15 AM, 8:30 AM","8:30 AM, 6:30 PM",8:30 AM,8:30 AM,English
894,4:30 PM,"8:15 AM, 10:00 AM",5:30 PM,,8:00 AM,9:00 AM,,English
895,4:30 PM,"7:30 AM, 9:00 AM, 11:00 AM",8:30 AM,6:30 AM,8:30 AM,6:30 AM,8:30 AM,English
896,,,,,,,,English
897,,8:30 AM,,9:00 AM,,,,English
898,5:00 PM,"8:30 AM, 10:45 AM","8:00 AM, 8:00 AM, 8:00 AM, 8:00 AM","8:00 AM, 8:00 AM, 8:00 AM, 8:00 AM","8:00 AM, 8:00 AM, 8:00 AM, 8:00 AM","8:00 AM, 8:00 AM, 8:00 AM, 8:00 AM","8:00 AM, 8:00 AM, 8:00 AM, 8:00 AM",English
899,"8:00 AM, 5:00 PM","8:00 AM, 10:15 AM",7:45 AM,7:45 AM,8:30 AM,7:45 AM,,English
900,4:30 PM,"8:00 AM, 10:00 AM, 6:00 PM",8:00 AM,7:00 AM,7:00 AM,7:00 AM,7:00 AM,English
901,,,,,,,,English
902,4:30 PM,"8:30 AM, 10:30 AM, 6:15 PM","7:45 AM, 8:15 AM","7:45 AM, 8:15 AM","7:45 AM, 8:15 AM",,,English
903,,,,6:00 PM,8:30 AM,8:30 AM,8:30 AM,English
904,,10:00 AM,,,,,,English
905,4:30 PM,9:30 AM,,8:30 AM,,,8:30 AM,English
906,,,,,,,,English
907,,,,,,,,English
908,4:00 PM,"8:00 AM, 9:30 AM, 11:00 AM",7:30 AM,,5:30 PM,8:00 AM,8:00 AM,English
909,4:30 PM,"8:00 AM, 10:00 AM",,7:45 AM,7:45 AM,7:45 AM,8:30 AM,English
910,"8:00 AM, 4:00 PM","7:00 AM, 7:15 AM, 8:00 AM, 8:30 AM, 9:00 AM, 10:00 AM, 10:00 AM, 10:00 AM, 11:00 AM, 12:00 PM, 5:00 PM",7:00 AM,7:00 AM,"7:00 AM, 12:00 PM, 6:00 PM","5:00 AM, 7:00 AM","7:00 AM, 12:00 PM, 6:30 PM","English, Spanish"
911,4:00 PM,7:30 AM,,5:00 PM,7:45 AM,7:45 AM,7:45 AM,English
912,,,,,,,,English
913,"5:00 PM, 8:00 AM","8:00 AM, 10:00 AM, 12:00 PM, 7:30 AM, 9:30 AM, 11:30 AM",12:00 PM,12:00 PM,12:00 PM,12:00 PM,6:00 PM,English
914,4:30 PM,9:30 AM,,,7:00 AM,7:00 AM,7:00 AM,English
915,"4:30 PM, 5:00 PM, 5:30 PM","7:30 AM, 8:00 AM, 9:00 AM, 10:30 AM, 11:00 AM",8:30 AM,8:30 AM,8:30 AM,"8:30 AM, 6:30 PM",8:30 AM,"English, Spanish"
916,5:15 PM,"9:00 AM, 11:00 AM, 1:00 PM",5:15 PM,5:15 PM,5:15 PM,5:15 PM,5:15 PM,"English, Spanish"
917,4:00 PM,8:00 AM,,,,,,English
918,4:30 PM,"8:15 AM, 10:30 AM",,,8:00 AM,,8:00 AM,English
919,4:00 PM,"7:30 AM, 10:30 AM",6:00 PM,,"8:00 AM, 6:00 PM",,8:00 AM,English
920,4:30 PM,"8:00 AM, 10:30 AM, 1:00 PM",,,,,,"English, Spanish"
921,"4:00 PM, 4:00 PM",9:00 AM,,,6:45 AM,6:45 AM,7:00 AM,English
922,,,,,,,,English
923,"4:00 PM, 5:00 PM",,8:15 AM,8:15 AM,"8:15 AM, 6:30 PM",8:15 AM,8:15 AM,English
924,4:00 PM,,8:00 AM,,,8:00 AM,,English
925,,,,6:00 PM,8:30 AM,8:30 AM,8:30 AM,English
926,"8:00 AM, 4:30 PM","8:30 AM, 10:30 AM",8:00 AM,8:00 AM,8:00 AM,8:00 AM,8:00 AM,English
927,4:30 PM,"8:30 AM, 10:30 AM, 5:00 PM","9:00 AM, 6:00 PM",9:00 AM,8:30 AM,8:00 AM,8:30 AM,English
928,4:00 PM,"8:30 AM, 10:30 AM","8:00 AM, 6:30 PM",8:00 AM,6:00 PM,8:00 AM,8:00 AM,English
929,4:00 PM,"8:00 AM, 10:30 AM",,8:30 AM,5:00 PM,8:30 AM,8:30 AM,English
930,"4:30 PM, 5:00 PM, 5:30 PM","7:30 AM, 8:00 AM, 9:00 AM, 10:30 AM, 11:00 AM",8:30 AM,8:30 AM,8:30 AM,"8:30 AM, 6:30 PM",8:30 AM,"English, Spanish"
931,4:00 PM,9:30 AM,,8:30 AM,8:30 AM,8:30 AM,8:30 AM,English
932,,,,,,,,English
933,4:00 PM,"8:00 AM, 10:30 AM",8:15 AM,8:15 AM,8:15 AM,,8:15 AM,English
934,,,,,,,,English
935,4:30 PM,"8:00 AM, 10:00 AM, 12:00 PM",,,,,,English
936,4:00 PM,10:00 AM,,8:00 AM,,5:00 PM,,English
937,5:00 PM,"7:00 AM, 9:00 AM, 11:00 AM",,,,,,English
938,"4:00 PM, 5:30 PM","8:00 AM, 10:00 AM",,,,,,English
939,4:00 PM,"8:00 AM, 11:00 AM, 5:00 PM",8:15 AM,,8:15 AM,,8:15 AM,English
940,5:00 PM,"8:00 AM, 10:30 AM","8:00 AM, 8:00 AM","8:00 AM, 8:00 AM","8:00 AM, 8:00 AM","8:00 AM, 8:00 AM","8:00 AM, 8:00 AM",English
941,"5:00 PM, 8:15 AM","10:00 AM, 11:30 AM, 12:00 PM",,8:15 AM,7:00 PM,8:45 AM,,"English, Spanish"
942,4:00 PM,"8:30 AM, 10:30 AM, 7:00 PM",,,,,,English
943,5:00 PM,"9:00 AM, 11:00 AM, 7:00 PM",,8:15 AM,8:15 AM,8:15 AM,8:15 AM,English
944,"4:00 PM, 6:00 PM","8:00 AM, 10:00 AM, 12:00 PM, 2:00 PM",8:00 AM,8:00 AM,"9:30 AM, 8:00 AM",8:00 AM,8:00 AM,English
945,4:00 PM,"8:30 AM, 10:30 AM, 12:30 PM",8:30 AM,8:30 AM,8:30 AM,8:30 AM,8:30 AM,English
946,4:00 PM,"7:30 AM, 9:00 AM, 11:00 AM",8:15 AM,8:15 AM,8:15 AM,8:15 AM,8:15 AM,English
947,4:00 PM,"8:00 AM, 10:30 AM",8:00 AM,8:00 AM,9:00 AM,8:00 AM,8:00 AM,English
948,4:00 PM,"8:00 AM, 8:00 AM",,,7:00 AM,,8:30 AM,English
949,,8:30 AM,,,,,,English
950,"4:30 PM, 5:30 PM, 8:00 AM, 5:00 PM","7:30 AM, 8:30 AM, 9:30 AM, 10:30 AM, 8:30 AM, 10:30 AM","6:30 AM, 7:00 AM, 12:00 PM, 12:30 PM, 8:00 AM","8:00 AM, 6:30 AM","8:10 AM, 12:00 PM, 12:30 PM, 8:00 AM","8:00 AM, 12:10 PM","8:00 AM, 12:00 PM, 12:30 PM",English
951,4:00 PM,"7:00 AM, 9:30 AM",,,6:00 PM,,,English
952,4:00 PM,"7:30 AM, 7:30 AM, 7:30 AM, 9:00 AM",,8:30 AM,,8:30 AM,,English
953,4:00 PM,10:00 AM,,7:45 AM,,7:45 AM,7:45 AM,English
954,4:00 PM,"8:00 AM, 10:00 AM",5:30 PM,8:15 AM,,8:15 AM,8:15 AM,English
955,,"9:00 AM, 10:30 AM, 12:00 PM",,,,,,English
956,"8:00 AM, 5:00 PM","8:00 AM, 10:15 AM",7:45 AM,7:45 AM,8:30 AM,7:45 AM,,English
957,,"8:30 AM, 5:00 PM",8:30 AM,,,,,English
958,9:00 AM,10:30 AM,,5:15 PM,,12:00 PM,12:00 PM,English
959,4:30 PM,"7:15 AM, 9:00 AM, 11:30 AM","7:00 AM, 12:05 PM","7:00 AM, 12:05 PM, 4:00 PM","7:00 AM, 12:05 PM","7:00 AM, 12:05 PM","7:00 AM, 12:05 PM",English
960,4:00 PM,10:00 AM,,,,,,English
961,,,,,,,,English
962,4:00 PM,"8:00 AM, 10:30 AM",,,9:30 AM,,,English
963,"4:00 PM, 8:30 AM","7:00 AM, 10:00 AM, 12:00 PM",7:15 AM,5:45 PM,7:15 AM,7:15 AM,7:15 AM,English
964,4:30 PM,"7:30 AM, 9:00 AM, 10:30 AM",,,,,,English
965,4:30 PM,"8:15 AM, 10:00 AM",5:30 PM,,8:00 AM,9:00 AM,,English
966,"3:00 PM, 4:00 PM, 6:30 PM","7:30 AM, 12:00 PM, 9:30 AM",,8:15 AM,"5:00 PM, 6:00 PM",8:15 AM,8:15 AM,English
967,5:00 PM,"9:30 AM, 7:00 PM",,,,,,English
968,,"8:30 AM, 10:00 AM, 10:30 AM, 12:30 PM, 5:00 PM",,,,,,English
969,4:00 PM,"8:30 AM, 10:30 AM, 12:00 PM, 6:00 PM",,,6:00 PM,,,English
970,5:00 PM,"9:00 AM, 11:30 AM, 5:00 PM",,,8:00 AM,8:00 AM,8:00 AM,"English, Spanish"
971,,8:45 AM,,,,6:00 PM,8:30 AM,English
972,4:00 PM,10:00 AM,,,,,,English
973,8:00 AM,"8:00 AM, 10:30 AM, 7:00 PM",8:00 AM,8:00 AM,8:00 AM,8:00 AM,8:00 AM,English
974,5:00 PM,"7:30 AM, 10:30 AM",8:00 AM,8:00 AM,8:00 AM,8:00 AM,8:00 AM,English
975,4:30 PM,"8:00 AM, 10:30 AM",8:00 AM,,8:00 AM,,8:00 AM,English
976,,,,,,,,English
977,6:30 PM,8:30 AM,,,6:30 PM,,8:00 AM,English
978,,10:00 AM,,,,9:00 AM,,English
979,4:30 PM,10:30 AM,,8:00 AM,8:00 AM,8:15 AM,8:00 AM,English
980,"8:15 AM, 4:30 PM","8:30 AM, 11:00 AM, 5:30 PM",,7:00 AM,"7:00 AM, 8:00 PM",8:15 AM,8:15 AM,English
981,,,,,,,,English
982,,"9:00 AM, 10:30 AM, 12:00 PM",,,,,,English
983,5:00 PM,9:30 AM,5:30 PM,,8:00 AM,,8:00 AM,English
984,4:30 PM,9:00 AM,,,,,,English
985,4:30 PM,"9:00 AM, 10:30 AM",,7:45 AM,7:45 AM,7:45 AM,7:45 AM,English
986,8:30 AM,8:00 AM,,6:00 PM,7:00 AM,8:30 AM,7:00 AM,English
987,4:00 PM,"8:15 AM, 10:30 AM",,,8:30 AM,,8:30 AM,English
988,,,,,,,,English
989,4:30 PM,9:30 AM,,,,8:15 AM,,English
990,"9:00 AM, 4:00 PM","8:00 AM, 10:00 AM",6:00 PM,,,,6:30 PM,English
991,4:30 PM,"8:30 AM, 10:30 AM",,6:00 PM,8:00 AM,8:00 AM,8:00 AM,English
992,4:30 PM,"9:00 AM, 11:00 AM",8:00 AM,8:00 AM,8:00 AM,8:00 AM,8:00 AM,English
993,4:30 PM,8:30 AM,,8:00 AM,6:00 PM,8:00 AM,8:00 AM,English
994,,,,,,,,English
995,4:00 PM,"7:30 AM, 9:00 AM, 10:30 AM","6:25 AM, 12:15 PM","8:00 AM, 8:45 AM","6:25 AM, 6:00 PM",12:00 PM,6:25 AM,English
996,4:00 PM,"8:30 AM, 10:30 AM",8:00 AM,8:00 AM,5:45 PM,,8:00 AM,English
997,5:30 PM,8:00 AM,,,8:00 AM,,8:00 AM,English
998,"4:30 PM, 4:00 PM","8:00 AM, 9:30 AM, 11:15 AM, 6:00 PM",,8:00 AM,5:30 PM,8:00 AM,8:00 AM,English
999,,,,,,,,English
1000,4:15 PM,10:30 AM,8:30 AM,,8:30 AM,6:00 PM,8:30 AM,English
1001,4:00 PM,"7:30 AM, 10:30 AM",6:25 AM,12:00 PM,6:25 AM,12:00 PM,6:25 AM,English
1002,,,,,,,,English
1003,"7:30 AM, 9:00 AM, 4:30 PM","8:00 AM, 10:00 AM, 6:00 PM, 11:30 AM","6:30 AM, 7:30 AM, 6:00 PM","6:30 AM, 7:30 AM, 6:00 PM","6:30 AM, 7:30 AM, 6:00 PM","6:30 AM, 7:30 AM, 6:00 PM","6:30 AM, 7:30 AM, 6:00 PM",English
1004,"4:30 PM, 8:00 AM","7:30 AM, 9:00 AM, 11:00 AM",12:00 PM,12:00 PM,12:00 PM,12:00 PM,12:00 PM,English
1005,6:00 PM,"8:00 AM, 11:30 AM, 9:30 AM, 1:00 PM",,"8:15 AM, 6:45 PM","8:15 AM, 6:00 PM",8:15 AM,8:15 AM,English
1006,,"5:00 PM, 8:30 AM, 7:00 PM, 6:30 AM, 10:30 AM, 12:30 PM, 2:30 PM, 5:00 PM",,,,,,English
1007,4:30 PM,"8:30 AM, 10:30 AM",,8:15 AM,8:15 AM,8:15 AM,8:15 AM,English
1008,,"8:30 AM, 12:30 PM",6:45 AM,6:45 AM,,6:45 AM,6:45 AM,"English, Spanish"
1009,4:30 PM,"8:00 AM, 10:30 AM",8:00 AM,8:00 AM,8:00 AM,8:00 AM,8:00 AM,English
1010,"7:00 AM, 4:30 PM","8:30 AM, 10:30 AM, 12:30 PM, 6:30 PM","7:00 AM, 12:10 PM, 5:30 PM","7:00 AM, 12:10 PM, 5:30 PM","7:00 AM, 12:10 PM, 5:30 PM","7:00 AM, 12:10 PM, 5:30 PM","7:00 AM, 12:10 PM, 5:30 PM",English
1011,4:30 PM,"8:00 AM, 10:30 AM",,,,,,English
1012,4:30 PM,"7:30 AM, 10:00 AM",,,,,,English
1013,5:00 PM,"8:00 AM, 10:00 AM, 4:00 PM",9:00 AM,9:00 AM,,,"9:00 AM, 6:00 PM",English
1014,"5:00 PM, 7:00 PM","8:00 AM, 10:00 AM, 12:30 PM",8:00 AM,,"8:00 AM, 6:00 PM",,"8:00 AM, 6:00 PM","English, Spanish"
1015,5:30 PM,"8:00 AM, 11:00 AM",,,,,,English
1016,,"7:00 AM, 8:30 AM, 10:00 AM, 12:00 PM, 5:00 PM",,,,,,English
1017,5:00 PM,"7:30 AM, 9:00 AM, 10:30 AM, 8:30 AM, 12:00 PM",,8:00 AM,5:15 PM,8:00 AM,,English
1018,"4:00 PM, 7:00 PM","8:00 AM, 10:00 AM, 12:00 PM, 2:00 PM, 5:00 PM",8:30 AM,8:30 AM,8:30 AM,8:30 AM,8:30 AM,English
1019,4:00 PM,"8:00 AM, 9:30 AM, 11:00 AM",7:30 AM,7:30 AM,7:30 AM,7:30 AM,7:30 AM,English
1020,4:00 PM,"8:00 AM, 10:30 AM, 12:30 PM",,6:30 PM,6:30 PM,6:30 PM,,"English, Spanish"
1021,,,,,,,,English
1022,,,,,,,,English
1023,4:00 PM,"7:00 AM, 8:30 AM, 10:00 AM, 12:00 PM, 2:00 PM, 5:10 PM",,,,,,"English, Latin"
1024,4:30 PM,"8:00 AM, 10:30 AM, 12:30 PM",8:00 AM,8:00 AM,8:00 AM,8:00 AM,8:00 AM,English
1025,5:00 PM,"8:30 AM, 5:00 PM",12:10 PM,5:00 PM,12:10 PM,12:10 PM,12:10 PM,English
1026,4:00 PM,"7:30 AM, 9:00 AM",,,,,,English
1027,,"8:00 AM, 9:30 AM, 11:00 AM",,9:00 AM,9:00 AM,9:00 AM,9:00 AM,"English, Spanish"
1028,"5:00 PM, 7:00 PM","7:30 AM, 9:00 AM, 11:00 AM, 1:00 PM, 5:00 PM",,,,,,English
1029,"8:30 AM, 5:00 PM","8:00 AM, 10:00 AM, 12:00 PM",8:30 AM,8:30 AM,"8:30 AM, 5:45 PM",8:30 AM,8:30 AM,English
1030,4:30 PM,"7:30 AM, 9:00 AM, 10:45 AM",,8:30 AM,"8:30 AM, 5:30 PM",8:30 AM,8:30 AM,English
1031,8:00 AM,"8:00 AM, 11:00 AM, 2:00 PM",7:30 AM,7:30 AM,7:30 AM,7:30 AM,7:30 AM,English
1032,"4:00 PM, 6:00 PM","7:00 AM, 8:30 AM, 10:00 AM, 12:00 PM",8:00 AM,8:00 AM,8:00 AM,8:00 AM,8:00 AM,English
1033,"9:30 AM, 4:30 PM","7:30 AM, 9:30 AM, 11:30 AM, 5:00 PM","7:00 AM, 9:30 AM","7:00 AM, 9:30 AM","7:00 AM, 9:30 AM","7:00 AM, 9:30 AM","7:00 AM, 9:30 AM",English
1034,4:00 PM,"8:00 AM, 10:00 AM",8:10 AM,8:10 AM,8:10 AM,8:10 AM,8:10 AM,English
1035,,,,,,,,English
1036,,,,,,,,English
1037,5:00 PM,"6:30 AM, 8:00 AM, 10:00 AM, 11:30 AM, 1:00 PM, 2:30 PM",,8:00 AM,8:00 AM,8:00 AM,8:00 AM,English
1038,,,,,,,,English
1039,4:30 PM,"8:00 AM, 10:00 AM, 12:00 PM, 6:00 PM",,8:00 AM,8:00 AM,8:00 AM,8:00 AM,English
1040,9:00 AM,,9:00 AM,6:00 PM,9:00 AM,,12:10 PM,English
1041,4:00 PM,"7:00 AM, 9:00 AM, 11:00 AM",,,,,,English
1042,8:30 AM,"6:30 AM, 8:00 AM, 9:30 AM, 1:00 PM, 11:00 AM",8:30 AM,8:30 AM,8:30 AM,8:30 AM,"8:30 AM, 7:00 PM",English
1043,5:00 PM,"8:00 AM, 10:00 AM, 12:00 PM, 2:00 PM",7:00 PM,9:00 AM,9:00 AM,7:00 PM,,English
1044,5:30 PM,"8:00 AM, 9:30 AM, 11:30 AM",,8:30 AM,6:00 PM,8:30 AM,8:30 AM,English
1045,5:00 PM,"9:00 AM, 11:30 AM",,8:30 AM,8:30 AM,8:30 AM,8:30 AM,English
1046,"4:00 PM, 5:00 PM, 5:30 PM","7:00 AM, 9:30 AM, 10:00 AM, 12:00 PM, 1:00 PM, 6:00 PM",8:30 AM,"7:30 AM, 7:00 PM",8:30 AM,,7:10 PM,"English, Spanish"
1047,4:00 PM,"8:00 AM, 10:00 AM, 5:00 PM",9:00 AM,9:00 AM,9:00 AM,9:00 AM,9:00 AM,English
1048,8:00 AM,"7:30 AM, 9:30 AM, 11:30 AM, 1:30 PM, 5:00 PM, 7:00 PM","6:30 AM, 12:10 PM","6:30 AM, 12:10 PM, 6:30 PM","6:30 AM, 12:10 PM, 6:30 PM","6:30 AM, 12:10 PM, 6:30 PM","6:30 AM, 12:10 PM, 6:30 PM","English, Spanish"
1049,5:00 PM,"8:00 AM, 10:00 AM, 12:00 PM",,,,,,English
1050,4:00 PM,"7:30 AM, 9:00 AM, 11:00 AM, 5:30 PM","6:30 AM, 8:00 AM, 12:15 PM, 8:30 AM","6:30 AM, 8:00 AM, 12:15 PM, 8:30 AM","6:30 AM, 8:00 AM, 12:15 PM, 8:30 AM","6:30 AM, 8:00 AM, 12:15 PM, 8:30 AM","6:30 AM, 8:00 AM, 12:15 PM, 8:30 AM",English
1051,5:30 PM,,,,,,,English
1052,"8:00 AM, 5:00 PM","7:00 AM, 9:00 AM, 12:00 PM",12:00 PM,5:30 PM,12:00 PM,12:00 PM,12:00 PM,"English, Spanish"
1053,5:00 PM,"8:00 AM, 9:30 AM, 10:00 AM, 1:00 PM, 6:00 PM","7:00 AM, 12:10 PM","7:00 AM, 12:10 PM","7:00 AM, 12:10 PM","7:00 AM, 12:10 PM","7:00 AM, 12:10 PM","English, Spanish"
1054,4:30 PM,"8:00 AM, 10:00 AM, 12:30 PM",7:30 AM,12:00 PM,,,7:30 AM,English
1055,5:00 PM,"7:00 AM, 9:00 AM, 11:00 AM, 4:30 PM",,,,,,English
1056,5:00 PM,8:00 AM,,5:30 PM,8:00 AM,5:30 PM,8:00 AM,English
1057,4:30 PM,"7:30 AM, 9:30 AM, 11:30 AM, 1:30 PM, 5:00 PM",,,,,,"English, Spanish"
1058,,,,,,,,English
1059,6:00 PM,10:30 AM,,,,,,English
1060,"8:00 AM, 4:00 PM, 7:00 PM","8:00 AM, 10:30 AM, 1:00 PM",,"8:00 AM, 7:00 PM",8:00 AM,8:00 AM,8:00 AM,"English, Spanish"
1061,"10:00 AM, 1:00 PM, 4:00 PM",,,,,,8:30 AM,English
1062,,"8:30 AM, 12:30 PM",6:45 AM,6:45 AM,,6:45 AM,6:45 AM,"English, Spanish"
1063,,"9:30 AM, 11:45 AM",,,,,,English
1064,,9:00 AM,12:15 PM,12:15 PM,12:15 PM,12:15 PM,12:15 PM,English
1065,,,,,,,,English
1066,5:30 PM,"9:00 AM, 10:30 AM",12:10 PM,12:10 PM,12:10 PM,12:10 PM,12:10 PM,English
1067,,,,,,,,English
1068,4:00 PM,"8:00 AM, 10:00 AM, 12:00 PM, 1:00 PM, 6:00 PM",8:30 AM,8:30 AM,7:00 PM,"8:30 AM, 6:00 PM",5:30 PM,"English, Spanish"
1069,5:00 PM,"7:30 AM, 10:00 AM",,,,,,English
1070,"8:15 AM, 4:00 PM","8:00 AM, 10:00 AM",8:15 AM,8:15 AM,8:15 AM,8:15 AM,8:15 AM,"English, Spanish"
1071,8:30 AM,"7:30 AM, 9:00 AM, 11:30 AM, 5:30 PM",8:30 AM,8:30 AM,"8:30 AM, 5:30 PM",8:30 AM,8:30 AM,English
1072,,,,,,,,English
1073,4:00 PM,"8:00 AM, 10:00 AM, 4:00 PM, 10:30 AM",,,,,,English
1074,"4:00 PM, 7:00 PM","8:00 AM, 10:00 AM, 12:30 PM",9:00 AM,"9:00 AM, 6:00 PM",9:00 AM,9:00 AM,9:00 AM,"English, Spanish"
1075,"4:00 PM, 5:00 PM, 6:30 PM","7:00 AM, 8:30 AM, 10:30 AM, 12:30 PM, 4:00 PM","8:15 AM, 12:10 PM","8:15 AM, 12:10 PM","8:15 AM, 12:10 PM","8:15 AM, 12:10 PM, 6:00 PM","8:15 AM, 12:10 PM","English, Spanish"
1076,,,,,,,,English
1077,"4:00 PM, 9:00 AM","8:00 AM, 10:00 AM, 11:30 AM, 5:00 PM",8:30 AM,"8:00 AM, 5:30 PM","8:00 AM, 5:30 PM","8:00 AM, 8:00 PM","8:00 AM, 8:30 AM","English, Latin"
1078,6:00 PM,"9:00 AM, 11:00 AM, 1:00 PM, 6:00 PM",,,,,,English
1079,"4:00 PM, 8:00 AM","7:30 AM, 9:30 AM, 11:30 AM, 5:00 PM","7:00 AM, 12:10 PM","7:00 AM, 12:10 PM","7:00 AM, 8:15 AM, 12:10 PM, 5:30 PM, 7:00 PM","7:00 AM, 9:30 AM, 12:10 PM","7:00 AM, 12:10 PM, 8:15 AM",English
1080,4:00 PM,"7:30 AM, 9:15 AM, 11:00 AM",,,,,,English
1081,6:30 PM,,,,,,,English
1082,5:00 PM,"7:00 AM, 9:00 AM, 11:00 AM",8:00 AM,8:00 AM,8:00 AM,8:00 AM,8:00 AM,English
1083,,"7:00 AM, 10:30 AM, 12:30 PM",,,7:30 PM,,10:30 AM,English
1084,5:00 PM,"8:30 AM, 10:30 AM",,,,,,English
1085,5:00 PM,"7:30 AM, 9:00 AM, 11:15 AM",8:30 AM,8:30 AM,8:30 AM,8:30 AM,8:30 AM,English
1086,5:00 PM,"7:30 AM, 9:00 AM, 11:30 AM",8:30 AM,8:30 AM,8:30 AM,8:30 AM,8:30 AM,English
1087,5:30 PM,"7:30 AM, 10:00 AM, 5:30 PM, 7:00 PM",5:30 PM,8:00 AM,8:00 AM,8:00 AM,,English
1088,6:00 PM,10:00 AM,9:00 AM,8:00 AM,9:00 AM,9:00 AM,9:00 AM,English
1089,"8:15 AM, 4:30 PM","7:30 AM, 9:30 AM, 11:30 AM, 5:00 PM","6:30 AM, 8:15 AM","6:30 AM, 8:15 AM","6:30 AM, 8:15 AM","6:30 AM, 8:15 AM","6:30 AM, 8:15 AM",English
1090,"6:30 PM, 4:30 PM","8:30 AM, 10:30 AM, 12:30 PM",,7:30 AM,7:30 AM,7:30 AM,7:30 AM,English
1091,,"9:00 AM, 12:00 PM, 2:00 PM",6:00 PM,,,,6:00 PM,"English, Spanish"
1092,"9:00 AM, 4:00 PM","7:00 AM, 9:00 AM, 11:00 AM, 6:00 PM","7:00 AM, 12:10 PM, 6:00 PM",12:10 PM,12:10 PM,12:10 PM,12:10 PM,English
1093,11:30 AM,11:00 AM,,6:00 PM,6:00 PM,6:00 PM,6:30 PM,English
1094,,,,,,,,English
1095,7:30 AM,"9:00 AM, 10:30 AM, 12:00 PM, 2:00 PM",8:00 AM,8:00 AM,8:00 AM,8:00 AM,8:00 AM,English
1096,,,,,,,,English
1097,"4:00 PM, 5:30 PM, 7:30 AM","7:00 AM, 8:30 AM, 10:30 AM, 12:30 PM, 5:30 PM","6:30 AM, 9:00 AM, 11:00 AM","6:30 AM, 9:00 AM, 11:00 AM","6:30 AM, 9:00 AM, 11:00 AM","6:30 AM, 9:00 AM, 11:00 AM","6:30 AM, 9:00 AM, 11:00 AM",English
1098,5:00 PM,"9:30 AM, 11:30 AM",7:30 AM,,7:30 AM,7:30 AM,7:30 AM,English
1099,5:00 PM,"7:00 AM, 10:00 AM, 12:00 PM",8:00 AM,8:00 AM,8:00 AM,8:00 AM,8:00 AM,"English, Spanish"
1100,,"8:30 AM, 10:30 AM",,,,,,English
