ParishID,Saturday,Sunday,Monday,Tuesday,Wednesday,Thursday,Friday
ParishID,,,,,,,
0,,,,,,,
1,,,,,,,
2,,,,,,,
3,3:00 PM - 4:00 PM,,,,,,
4,4:30 PM - 5:15 PM,,,,,,
5,,,,,,,
6,1:00 PM - 2:00 PM,,,,,,
7,4:00 PM - 5:00 PM,,,,,,
8,1:00 PM,,,,,,
9,,,,,,,
10,11:00 AM - 12:00 PM,,,,,,
11,4:00 PM - 4:30 PM,,11:30 AM - 11:50 AM,11:30 AM - 11:50 AM,11:30 AM - 11:50 AM,11:30 AM - 11:50 AM,11:30 AM - 11:50 AM
12,4:30 PM,,,,,,
13,12:00 PM - 1:00 PM,,,,,,
14,,,,,,,
15,,,,,,,
16,4:30 PM - 5:00 PM,,,,,,
17,11:00 AM - 12:00 PM,,,,,12:30 PM,7:00 AM
18,3:00 PM - 5:00 PM,,,,,,
19,4:00 PM - 5:00 PM,7:30 AM - 8:15 AM,,,,,
20,,,6:30 PM,6:30 PM,6:30 PM,6:30 PM,6:30 PM
21,1:00 PM,,,,,,
22,,,,,,,
23,1:00 PM - 2:00 PM,,,,,,
24,,,,,,,
25,3:30 PM - 4:30 PM,,,,,,
26,,,,,,,
27,4:45 PM - 5:15 PM,,9:00 AM - 9:30 AM,,,,
28,4:00 PM - 5:15 PM,,,,,6:00 PM - 6:50 PM,
29,,,,,,,
30,,,,,,,
31,4:30 PM,,,,,,
32,,,,,,,
33,,,,,,,
34,4:00 PM - 4:15 PM,,,,,,
35,2:00 PM - 3:00 PM,,8:00 AM,8:00 AM,8:00 AM,8:00 AM,8:00 AM
36,5:15 PM,,,,,,
37,5:00 PM - 6:00 PM,,6:00 PM - 6:45 PM,6:00 PM - 6:45 PM,6:00 PM - 6:45 PM,,
38,1:00 PM - 2:00 PM,,,,,,
39,,,,,,,
40,,,,,,,
41,,,,,,,
42,3:30 PM - 4:30 PM,,,,,,
43,,,,,,,
44,9 AM,,,,,,
45,,,,,,,12:45 PM
46,9:00 AM - 10:00 AM,,,,,,
47,4:00 PM - 5:00 PM,,,,,,
48,,,,,,,
49,4:00 PM,,9:00 AM,9:00 AM,9:00 AM,9:00 AM,9:00 AM
50,,,,,,,
51,,,,,,,
52,,,,,,,
53,5:00 PM,,,,,,
54,3:30 PM - 4:30 PM,,,,,,
55,4:00 PM,,,,,,
56,4:00 PM - 4:30 PM,,,,,,
57,4:00 PM,,,,,,
58,,,,,,,
59,3:00 PM - 3:45 PM,,,,,,
60,9:00 AM - 12:00 PM,,4:00 PM - 4:45 PM,,5:30 PM - 7:00 PM,,4:00 PM - 4:45 PM
61,,,,,,,
62,1:00 PM - 2:00 PM,,,,,,
63,3:00 PM - 3:45 PM,,,,,,
64,4:00 PM - 4:45 PM,,,,,,
65,4:00 PM,,,,,,
66,4:00 PM,,,,,,
67,3:30 PM - 4:15 PM,,,,,,
68,,,,,,,
69,,09:30 AM - 09:50 AM,,,,,
70,,,,,,,
71,,,,,,,
72,4:15 PM,,,,,,
73,,6:00 PM - 6:40 PM,,,,8:30 PM - 9:30 PM,9:00 AM - 10:00 AM
74,3:30 PM,,,,,,
75,,,,,,,
76,4:30 PM,,,,,,
77,4:00 PM,9:30 AM,,,,,
78,,,,,,,
79,4:00 PM,,,,,,
80,4:00 PM - 4:30 PM,,,,,,
81,,,,,,,
82,5:00 PM,,,,,,
83,,,,,,,
84,4:30 PM - 5:00 PM,,,,,,
85,5:30 PM,,,,,,
86,,,10:00 AM - 11:30 AM,10:00 AM - 11:30 AM,,10:00 AM - 11:30 AM,10:00 AM - 11:30 AM
87,,,,,,,
88,7:00 AM - 7:25 AM,8:30 AM - 8:55 AM,7:00 AM - 7:25 AM,7:00 AM - 7:25 AM,7:00 AM - 7:25 AM,7:00 AM - 7:25 AM,7:00 AM - 7:25 AM
89,3:00 PM - 4:00 PM,9:00 AM - 10:00 AM,,,,,
90,,,,1:00 PM - 5:00 PM,1:00 PM - 5:00 PM,,
91,,,,,,,
92,4:00 PM - 4:45 PM,,,,,,
93,4:00 PM,,,,,,
94,3:45 PM - 4:45 PM,,,,,,
95,4:00 PM - 4:45 PM,,,,,,
96,,,,,,,
97,,,,,,,
98,2:00 PM,,8:00 AM,8:00 AM,8:00 AM,8:00 AM,8:00 AM
99,4:00 PM - 4:45 PM,,,,,,
100,4:00 PM,12:00 PM,,,,,
101,4:30 PM - 5:15 PM,,,,7:30 PM - 8:30 PM,,
102,5:00 PM,,,,,,
103,4:45 PM,,,,,,
104,,,,,,,
105,4:00 PM - 4:30 PM,,,,,,
106,,,,,,,
107,,,,,,,
108,1:00 PM - 2:00 PM,,,,,,
109,1:00 PM - 1:30 PM,,,,,,
110,4:00 PM,,,,,,
111,1:00 PM - 2:00 PM,,7:00 PM - 7:30 PM,,,,
112,,,,,,,
113,,,,,,,
114,8:45 AM,,,,,,
115,4:30 PM,,,,,,
116,4:15 PM,,,,,,
117,,,,,,,
118,,,,,,,
119,4:15 PM - 4:45 PM,,,,,,
120,4:00 PM - 5:00 PM,,,,,,
121,9:00 AM - 5:00 PM,,,,,,
122,12:45 PM - 2:00 PM,,,,,,
123,4:00 PM,,,,,,
124,,,,,,,
125,8:00 AM - 8:20 AM,,,,,,
126,,,,,,,
127,3:30 PM - 4:00 PM,,9:00 AM,9:00 AM,9:00 AM,9:00 AM,9:00 AM
128,1:00 PM - 2:00 PM,,,,,,
129,4:15 PM - 5:00 PM,,,,,,
130,3:30 PM - 4:45 PM,,,,,,
131,12:00 PM - 1:00 PM,,,,,,
132,3:30 PM - 4:30 PM,,7:30 AM,7:30 AM,7:30 AM,7:30 AM,7:30 AM
133,,,,,,,
134,,,,,,,
135,5:30 PM,,,,,5:45 PM - 6:45 PM,
136,4:00 PM - 4:45 PM,10:00 AM - 12:00 PM,,,,,
137,4:00 PM - 4:45 PM,,,,,,
138,,,,,,,
139,4:15 PM - 5:00 PM,,,,,,
140,4:00 PM - 4:30 PM,,,,,,
141,,,,,,,
142,11:30 AM - 2:00 PM,,,,,,
143,4:00 PM - 5:00 PM,,,,,,
144,,,,,,,
145,,,,,,,
146,6:30 PM,8:00 AM,,,,,
147,3:45 PM - 4:15 PM,,,,,,
148,,,,,,,
149,8:30 AM - 9:00 AM,5:00 PM - 5:50 PM,,5:30 PM - 5:50 PM,,,
150,4:30 PM - 5:30 PM,7:00 AM - 8:00 AM,7:15 AM - 7:45 AM,7:15 AM - 7:45 AM,7:15 AM - 7:45 AM,7:15 AM - 7:45 AM,7:15 AM - 7:45 AM
151,6:00 PM,,,,,,
152,,,,,,,
153,,,,,,,
154,,,,,,,
155,4:30 PM - 4:50 PM,,,,,,
156,5:30 PM - 5:45 PM,,,,,,
157,,,,,,,
158,4:00 PM - 4:30 PM,8:00 AM - 8:30 AM,,,,,
159,5:30 PM - 5:45 PM,,,,,,
160,4:30 PM - 5:10 PM,,,4:30 PM - 5:10 PM,,4:30 PM - 5:10 PM,
161,3:45 PM,,,,,,
162,4:00 PM,7:30 AM,,8:30 AM,6 PM,8:30 AM,5:30 PM
163,,,,,,,
164,,,,,,,
165,,,,,,,
166,,,,,,,
167,12:15 PM - 1:00 PM,,,,3:15 PM - 4:00 PM,,
168,5 PM,10 AM,,,,,
169,8:00 AM - 8:20 AM,7:30 AM - 7:50 AM,8:00 AM - 8:20 AM,5:00 PM - 5:20 PM,8:00 AM - 8:20 AM,5:00 PM - 5:20 PM,8:00 AM - 8:20 AM
170,,,,,,,
171,,,,,,4:30 PM,
172,9:00 AM - 10:30 AM,,,7:50 AM - 8:20 AM,5:20 PM - 5:50 PM,7:50 AM - 8:20 AM,7:30 AM - 8:00 AM
173,,,,,,,
174,3:45 PM - 4:15 PM,,,,,,11:20 AM - 11:50 AM
175,,,,,,,
176,,,,,,,
177,8:40 AM - 9:00 AM,,,,,,
178,,,,,,,
179,,,,,,,
180,,,,,,,
181,9:00 AM - 10:00 AM,,,5:00 PM - 6:00 PM,,,
182,3:00 PM - 3:45 PM,,,,,,9:30 AM - 10:30 AM
183,4:00 PM - 4:45 PM,,,,,,
184,3:00 PM - 3:30 PM,,,,,,
185,,,,4:30 PM - 5:00 PM,,4:30 PM - 5:00 PM,
186,,,,,,,
187,3:00 PM - 3:45 PM,11:15 AM - 12:00 PM,,,,,
188,,,,,,,
189,4:00 PM,,,,,,
190,,,,,,,
191,3:00 PM,,,5:30 PM,5:30 PM,11:30 AM,
192,4:00 PM - 4:45 PM,11:45 AM - 12:45 PM,,5:00 PM - 5:45 PM,5:00 PM - 5:45 PM,5:00 PM - 5:45 PM,
193,4:00 PM - 4:30 PM,8:00 AM - 8:30 AM,11:45 AM - 12:15 PM,8:00 PM - 9:00 PM,4:30 PM - 5:30 PM,8:00 PM - 9:00 PM,
194,4:15 PM,11:00 AM,,,,,
195,5:15 PM,,,,,,
196,,,,,,,
197,4:00 PM - 4:45 PM,,,8:40 AM - 8:55 AM,,8:40 AM - 8:55 AM,8:40 AM - 8:55 AM
198,,,,,,,
199,,,,,,,
200,3:45 PM - 4:30 PM,,,,,,
201,4:30 PM - 5:00 PM,,,,,,
202,9:00 AM - 9:30 AM,,,,,,
203,,,,,,,
204,8:30 AM,,,,6:00 PM - 6:45 PM,,
205,3:30 PM,,,,,,11:30 AM
206,8:10 AM - 3:50 PM,,,7:15 AM - 7:45 AM,,7:15 AM - 7:45 AM,
207,3:30 PM - 4:30 PM,,,8:15 AM - 8:50 AM,5:00 PM - 6:00 PM,,8:15 AM - 8:50 AM
208,6:00 PM,,,,6:00 PM,6:00 PM,
209,9:15 AM,,,,4:15 PM,,
210,,,,,,,
211,3:00 PM,,,6:30 PM,7:30 AM,,
212,,,,,,,
213,9:45 AM - 10:30 AM,,,,5:30 PM - 6:30 PM,6:00 PM - 7:30 PM,
214,,,,,,,
215,,9:00 AM - 9:30 AM,,2:00 PM - 3:00 PM,,,
216,4:00 PM - 4:45 PM,,,,,,
217,,,,,,,
218,,,,,,,
219,,,,,,,
220,,,,,,,
221,3:30 PM - 4:25 PM,3:30 PM - 4:25 PM,,,,,
222,,,,,,,
223,,,,,,,
224,,,,6:00 PM - 6:45 PM,6:00 PM - 6:45 PM,6:00 PM - 6:45 PM,6:00 PM - 6:45 PM
225,4:30 PM,,,,,,
226,,,,,,,
227,4:00 PM - 4:45 PM,,,,,,
228,,,,,,,
229,9:30 AM,,,6:00 PM - 6:45 PM,,6:00 PM - 6:45 PM,
230,4:30 PM,8:30 AM,,,,,
231,9:00 AM - 10:00 AM,,11:15 AM - 11:45 AM,,11:15 AM - 11:45 AM,,11:15 AM - 11:45 AM
232,,,,,,,
233,,9:00 AM - 9:20 AM,,11:30 AM - 11:50 AM,,11:30 AM - 11:50 AM,11:30 AM - 11:50 AM
234,7 PM,,,,,,
235,,,,,,,
236,,,,,,,
237,,,,,,,
238,,,,,,,
239,,,,,6:00 PM - 7:00 PM,,
240,4:15 PM - 4:45 PM,,,,,,
241,9:30 AM - 10:30 AM,,,,7:30 PM - 8:30 PM,,
242,4:00 PM - 5:00 PM,,,,,,
243,,,,,,,
244,10:00 AM - 11:00 AM,,,,6:00 PM - 7:00 PM,,
245,3:00 PM,,,5:30 PM,,,
246,4:00 PM - 4:45 PM,,,,6:00 PM - 7:00 PM,,
247,8:00 AM - 4:00 PM,,8:30 AM - 9:00 AM,,,6:00 PM,8:30 AM - 9:00 AM
248,4:00 PM - 4:30 PM,,,,,5:30 PM,
249,8:00 AM - 9:00 AM,,,,,,
250,4:00 PM,,,,,,
251,2:30 PM - 3:30 PM,,,,,,
252,,,5:30 PM - 6:45 PM,5:30 PM - 6:45 PM,5:30 PM - 6:45 PM,5:30 PM - 6:45 PM,5:30 PM - 6:45 PM
253,,,,,,,
254,9:00 AM - 10:00 AM,,,,7:00 PM - 8:00 PM,,
255,,,,,,,
256,3:30 PM - 7:00 PM,,,,,,4:30 PM - 5:30 PM
257,3:00 PM - 4:00 PM,,,,9:30 AM - 6:30 PM,,
258,,,,,,,
259,8:30 AM - 10:00 AM,,8:00 AM - 8:25 AM,8:00 AM - 8:25 AM,8:00 AM - 8:25 AM,6:00 PM - 7:00 PM,8:00 AM - 8:25 AM
260,,,,,,,
261,9:00 AM - 10:00 AM,,,,5:00 PM - 7:00 PM,,
262,,,,,,,
263,9:30 AM - 10:30 AM,,,,5:00 PM - 6:00 PM,,
264,4:00 PM - 4:30 PM,7:15 AM - 7:45 AM,,,5:00 PM - 5:45 PM,,
265,,,,,,,
266,,,,,,,
267,3:00 PM - 3:45 PM,,,,,,6:00 PM - 6:45 PM
268,,,,,,,
269,11:00 AM,,,,,,
270,,,,,,,
271,3:00 PM - 4:30 PM,,,,,,
272,10:00 AM,,5:00 PM - 6:00 PM,5:00 PM - 6:00 PM,,5:00 PM - 6:00 PM,
273,3:30 PM - 4:30 PM,,,,,,
274,,,,,,,
275,4:00 PM,,,,,,
276,,,,,,,
277,,,,,,,
278,4:45 PM - 5:15 PM,9:15 AM - 9:45 AM,,,5:15 PM - 6:15 PM,,
279,,,,,,,
280,4:00 PM - 4:30 PM,,,,9:00 AM - 6:10 PM,,
281,3:00 PM - 4:30 PM,,,,,,
282,3:30 PM - 4:30 PM,,,,,,
283,2:30 PM,,,,,,
284,1:30 PM - 3:00 PM,,,,5:00 PM - 6:00 PM,,
285,4:30 PM,,,,,,
286,,,,,,,
287,3:30 PM - 4:30 PM,,,5:00 PM,,,
288,5:00 PM,,,,,,
289,9:00 AM - 10:00 AM,,9:00 AM,,4:00 PM,,9:00 AM
290,,,,,,,
291,9:00 AM - 10:00 AM,,,,,,
292,,,,,,,
293,,,,,,,
294,3:00 PM - 4:00 PM,,,,,,
295,,,,,,,
296,,10:15 AM - 10:45 AM,,,,,
297,4:00 PM - 5:00 PM,,,,11:00 AM - 11:45 AM,,
298,5:25 PM,,,,,,
299,4:00 PM,,,,,,
300,,,,,,,
301,,,,,,,
302,3:00 PM - 4:00 PM,,,,,,
303,,,,,,,
304,2:30 PM - 3:15 PM,,,,5:00 PM - 6:15 PM,,
305,8:30 AM,,,,,,
306,3:00 PM,,,,,,
307,3:00 PM - 4:00 PM,,5:00 PM - 6:00 PM,,,,
308,,,,,,,
309,3:30 PM - 4:00 PM,,,,,,
310,,,,,,,
311,,,,,,,
312,,,,,,,
313,4:00 PM - 4:45 PM,,,,,,
314,3:30 PM,,,,,,
315,3:30 PM - 4:30 PM,,,,,,
316,3:15 PM - 3:45 PM,,,6:00 PM - 6:30 PM,,,
317,,,,,,,
318,,,,,,,
319,5:00 PM - 5:45 PM,9:15 AM - 9:45 AM,,,5:30 PM - 6:15 PM,,8:00 AM - 8:45 AM
320,,,,11:00 AM - 11:45 AM,,,
321,3:30 PM,,,,,,
322,03:30 PM,,,,,,
323,4:00 PM - 4:30 PM,,,,,,
324,2:30 PM,,,,,,
325,4:00 PM - 4:30 PM,,,,,,
326,3:00 PM - 4:00 PM,,,,,6:30 PM - 7:30 PM,
327,,,,,,,
328,,,,,,,
329,,,,,,,
330,,,,,,,
331,3:00 PM - 3:30 PM,8:00 AM - 8:30 AM,,,,,
332,3:00 PM,,,,,,
333,11:00 AM - 11:45 AM,,,11:00 AM - 11:45 AM,11:00 AM - 11:45 AM,11:00 AM - 11:45 AM,11:00 AM - 11:45 AM
334,,,,,,,
335,3:30 PM,,,,,,
336,3:00 PM - 3:30 PM,,,,,,
337,3:30 PM - 3:50 PM,5:30 PM - 5:50 PM,,,,,
338,,,,,,,
339,4:00 PM - 4:45 PM,3:00 PM - 3:45 PM,,,,,
340,,,,,,,
341,9:30 AM - 10:30 AM,,,,,,
342,,,,,,,
343,,,,,6:05 PM - 6:45 PM,,
344,,,,,,,
345,3:00 PM - 3:30 PM,,,,,,
346,2:30 PM - 3:30 PM,,,,,,
347,3:30 PM,,,,,,
348,10:00 AM - 3:45 PM,,,,,6:00 PM - 6:45 PM,10:00 AM - 3:00 PM
349,,,,,,,
350,3:15 PM - 4:00 PM,,,,7:00 PM - 8:00 PM,,
351,,,,,,,
352,3:00 PM,,,,,,
353,1:00 PM - 3:00 PM,,,5:00 PM - 6:00 PM,,,
354,,,,,,,
355,12:00 PM - 1:30 PM,,,,7:00 PM - 8:30 PM,,
356,,,,,,,
357,,,,,,,
358,,,,,,,
359,8:00 AM - 9:00 AM,10:00 AM - 11:00 AM,12:00 PM - 12:30 PM,,12:00 PM - 12:30 PM,5:00 PM - 5:30 PM,12:00 PM - 12:30 PM
360,,,6:00 PM - 7:00 PM,,,,
361,,,,,,,
362,7 PM,,,,,,
363,,,,,,,
364,3:15 PM - 3:45 PM,,,,,,
365,2:45 PM - 3:15 PM,,,,,,
366,6:00 PM,,,,,,
367,,,,,,,
368,4:00 PM,,,,,,
369,3:15 PM - 3:55 PM,,,6:00 PM - 7:00 PM,,6:00 PM - 7:00 PM,
370,3:00 PM - 3:45 PM,,,,,,
371,,,,,,,
372,,,,,,,
373,,,,,,,
374,,,,,,,
375,,,,,,,
376,,,,,,,
377,8:45 AM - 9:30 AM,,,,,,
378,2:30 PM - 3:30 PM,,,,,,
379,,,,,,,
380,,,,,,,
381,3:00 PM - 3:45 PM,,,,,5:30 PM - 6:30 PM,
382,,,,,,,
383,,,,,,,
384,3:00 PM,,,,,,
385,,,,,,,
386,10:00 AM - 11:30 AM,,,,,,
387,3:00 PM - 3:45 PM,,6:00 PM - 7:00 PM,,,,9:45 AM - 10:30 AM
388,,,,,,,
389,,,,,,,
390,3:30 PM,,,,,,
391,3:15 PM - 3:45 PM,,,,,,
392,1:30 PM - 3:30 PM,3:00 PM - 4:00 PM,10:00 AM - 1:00 PM,10:00 AM - 1:00 PM,10:00 AM - 1:00 PM,10:00 AM - 1:00 PM,10:00 AM - 1:00 PM
393,,,,,,,
394,,,,,,,
395,,10:30 AM - 12:30 PM,,,,,
396,,,,,,,
397,11:00 AM - 12:00 PM,,,,,,
398,,,,,,,
399,3:30 PM - 3:50 PM,8:30 AM - 8:50 AM,,,,,
400,4:00 PM - 4:45 PM,,,,,,
401,,,,,,,
402,4:00 PM - 4:45 PM,,,,,,
403,,,,,,,
404,10:30 AM,10:00 AM,11:30 AM,11:30 AM,11:30 AM,11:30 AM,11:30 AM
405,8:00 AM - 8:45 AM,,,,,,6:00 PM - 6:45 PM
406,,,,,,,
407,9:40 AM - 11:40 AM,,8:30 AM - 11:40 AM,8:30 AM - 11:40 AM,8:30 AM - 11:40 AM,8:30 AM - 11:40 AM,8:30 AM - 11:40 AM
408,3:15 PM - 3:45 PM,,,8 AM,,,
409,,,,,,,
410,12:00 PM - 1:00 PM,,,,,,
411,3:00 PM - 3:45 PM,,,,,,
412,9:30 AM - 10:30 AM,,,,,,
413,,,,,,,
414,,,,,,,
415,,,,,,,
416,9:00 AM - 10:00 AM,,,,,,
417,3:30 PM - 3:50 PM,,,,,,
418,3:00 PM - 3:30 PM,,,,,,
419,,,,,,,
420,1:00 PM - 2:30 PM,,,7:00 PM - 8:00 PM,,,
421,,,,,,,
422,,,,,,,
423,7:00 PM - 9:00 PM,,,,,,
424,,,,,,,
425,,,5:00 PM - 6:30 PM,,,,5:00 PM - 6:30 PM
426,3:00 PM - 3:45 PM,,,,,,
427,,,,,,,
428,,,,,,,
429,10:00 AM - 1:00 PM,,10:00 AM - 12:00 PM,10:00 AM - 12:00 PM,10:00 AM - 12:00 PM,10:00 AM - 12:00 PM,10:00 AM - 12:00 PM
430,3:00 PM - 3:45 PM,,,,,,
431,,,,,,,
432,,,,,,,
433,2:30 PM - 3:45 PM,,,11:00 AM - 12:00 PM,,,3:00 PM - 4:00 PM
434,8:00 AM,,,,,,
435,12:45 PM,,,,,,
436,3:15 PM,,,,,,
437,8:30 AM - 9:30 AM,,,,,,
438,7:00 PM - 9:00 PM,,,,,,
439,9:30 AM - 10:30 AM,,6:00 PM - 7:00 PM,,,,
440,3:00 PM - 3:30 PM,,,,,,
441,3:00 PM - 3:45 PM,,,,,5:00 PM - 6:00 PM,9:00 AM
442,3:15 PM,,,,,,
443,01:00 PM - 02:00 PM,,,05:45 PM - 06:45 PM,,,
444,,,,,,,
445,,,,,,,
446,3:00 PM - 3:45 PM,,11:20 AM - 11:50 AM,11:20 AM - 11:50 AM,11:20 AM - 11:50 AM,11:20 AM - 11:50 AM,11:20 AM - 11:50 AM
447,3:00 PM - 4:30 PM,,,,,1:30 PM - 3:30 PM,
448,3:15 PM - 3:45 PM,,,,,,
449,,,,,,,
450,,,,,,,
451,,,,,,,
452,,,,,,,
453,,,,,,,
454,,,,,,,
455,9:45 AM - 10:30 AM,,,,,,
456,6:00 PM,9:30 AM - 10:00 AM,7:00 PM - 8:00 PM,,7:00 PM,9:30 AM - 11:00 AM,
457,2:30 PM - 4:00 PM,,,,,,6:00 PM - 7:00 PM
458,,,,,,,
459,3:00 PM - 3:45 PM,,,,,,
460,,,,,,,
461,4:00 PM - 4:45 PM,,,7:00 PM - 8:00 PM,,,
462,4:00 PM - 4:45 PM,,,,,,
463,,,,,,,
464,,,,,,,
465,,,,,,,
466,,,,,,,
467,4:00 PM - 4:45 PM,,,,,,
468,,,,,,,
469,,,,,,,
470,3:30 PM - 4:50 PM,9:00 AM - 9:50 AM,7:30 AM - 8:00 AM,7:30 AM - 8:00 AM,7:30 AM - 8:00 AM,7:30 AM - 8:00 AM,7:30 AM - 8:00 AM
471,,,,,,,
472,4:00 PM - 4:45 PM,,,12:00 PM - 6:30 PM,,,
473,3:00 PM,,,,,,
474,,,,10:00 AM - 11:00 AM,,6:30 PM - 7:30 PM,
475,4:00 PM - 4:45 PM,,,,,,
476,,,,,,,
477,,,,,,,
478,4:00 PM,10:00 AM,,,,,
479,4:00 PM - 4:45 PM,,,,6:00 PM - 6:45 PM,,
480,,,,,,,
481,3:15 PM - 4:00 PM,,,,,,
482,8:00 AM,,,,5:30 PM - 6:20 PM,,
483,,,,,,,
484,3:30 PM - 4:15 PM,,,,,,
485,,,,,,,
486,,,,,,,
487,,,,,,,
488,4:00 PM - 4:45 PM,,,,5:30 PM - 6:00 PM,,7:30 AM - 7:55 AM
489,3:30 PM - 4:00 PM,,,,,,
490,,,,,,,
491,4:00 PM - 4:45 PM,,,,,,
492,3:00 PM,,,,,,
493,,,,,,,
494,8:30 AM - 8:00 AM,,,,,,
495,,,,,,,
496,9:20 AM,,,,,,
497,,,,,,,
498,,,,,,,
499,3:00 PM - 4:00 PM,,,,,,
500,4:00 PM,7:30 AM,,,,,
501,8:15 AM,7:30 AM,,,,,
502,9:30 AM,10:00 AM,11:30 AM,,11:30 AM,11:30 AM,11:30 AM
503,3:30 PM - 4:15 PM,,,,,,
504,,,,9:00 AM - 9:00 PM,,,
505,4:00 PM - 4:45 PM,,,,,,
506,8:00 AM,7:00 AM,,5:00 PM,,5:00 PM,
507,3:00 PM,,,,,,
508,3:00 PM,,,,,,3:00 PM
509,,,,,,,
510,4:00 PM - 4:45 PM,,,,,,
511,3:45 PM - 4:45 PM,,,,,,
512,,,,,,,
513,,,,7:00 PM - 8:00 PM,7:00 PM - 6:00 PM,,
514,8:30 AM - 3:30 PM,,,6:00 PM - 7:00 PM,5:00 PM - 6:00 PM,,
515,,,,,,,
516,,,,,,,
517,3:00 PM - 3:45 PM,,,,,,
518,7:45 AM - 8:10 AM,7:30 AM,6:45 AM - 7:15 AM,6:45 AM - 7:15 AM,6:45 AM - 7:15 AM,6:45 AM - 7:15 AM,6:45 AM - 7:15 AM
519,3:00 PM,9:45 AM,,,,,
520,3:00 PM - 3:45 PM,11:00 AM,,5:00 PM - 6:00 PM,,,7:45 AM
521,,,,,,,
522,8:30 AM - 3:30 PM,8:30 AM - 9:30 AM,5:00 PM - 6:00 PM,6:00 PM - 7:00 PM,5:00 PM - 6:00 PM,5:00 PM - 6:00 PM,5:00 PM - 6:00 PM
523,,,10:30 AM - 11:45 AM,10:30 AM - 11:45 AM,10:30 AM - 11:45 AM,10:30 AM - 11:45 AM,10:30 AM - 11:45 AM
524,4:00 PM - 4:45 PM,,,,,,
525,4:00 PM - 5:00 PM,10:30 AM - 11:00 AM,,,,,
526,4:00 PM - 4:45 PM,,,,,,
527,,7:15 AM,,,,,
528,,,,,,,
529,3:45 PM,,,,,,
530,3:00 PM - 4:00 PM,,,,,,
531,2:30 PM - 3:30 PM,,,,,,
532,3:00 PM - 4:00 PM,,,,,,
533,,,,,,,
534,,,,,,,
535,,,,,,,
536,3:30 PM - 4:30 PM,,,4:00 PM - 5:00 PM,,,
537,4:00 PM - 4:45 PM,7:00 AM - 7:15 AM,,,,,
538,,,,,,,
539,3:30 PM - 4:30 PM,,,,,5:30 PM - 7:00 PM,
540,3:30 PM - 4:15 PM,,,,,,7:30 AM - 7:50 AM
541,4:15 PM - 4:45 PM,,,,,,
542,,,,,,,
543,,,,,,,
544,8:00 AM - 4:15 PM,,,,,,
545,3:45 PM - 4:15 PM,,,,,,
546,,,,,,,
547,,6:30 AM - 7:15 AM,,,,,
548,,10:30 AM,,,,,
549,,,,,,,
550,,,,,,,
551,3:00 PM - 3:45 PM,,,,5:30 PM - 6:15 PM,,
552,2:30 PM - 3:30 PM,,,,,,
553,4:00 PM - 4:45 PM,,5:00 PM,,7:00 AM,5:00 PM,
554,3:30 PM - 4:15 PM,,,6:30 PM - 7:30 PM,,,
555,3:45 PM - 4:45 PM,,,,,,
556,8:30 AM - 4:45 PM,,6:00 PM,3:30 PM,3:30 PM,6:00 PM,3:30 PM
557,3:45 PM - 4:15 PM,,,,,,
558,,,,,,,
559,7:45 AM - 8:10 AM,,6:45 AM - 7:15 AM,6:45 AM - 7:15 AM,6:45 AM - 7:15 AM,6:45 AM - 7:15 AM,6:45 AM - 7:15 AM
560,4:00 PM,,,,,,
561,8:30 AM - 9:00 AM,,,,,,
562,,,,,,,
563,4:00 PM - 4:45 PM,7:00 AM - 7:20 AM,,,,,
564,8:00 AM - 4:10 PM,,,,,,
565,,,,,,,
566,,,,,,,
567,,,11:00 AM,11:00 AM,11:00 AM,11:00 AM,11:00 AM
568,3:30 PM - 4:15 PM,,,,,,
569,3:00 PM - 3:30 PM,9:30 AM,,,,,
570,,,11:00 AM,11:00 AM,11:00 AM,11:00 AM,11:00 AM
571,,,,,,,
572,4:00 PM - 5:00 PM,,,,,,
573,4:00 PM - 5:00 PM,,,,,,
574,,,,,,,
575,,,,,,,
576,3:45 PM - 4:45 PM,,,,,,
577,3:00 PM - 3:45 PM,,,,,,
578,,,,,,,
579,,,,,,,
580,4:30 PM - 5:00 PM,4:30 PM - 5:00 PM,,7:00 PM - 8:00 PM,,,
581,12:30 PM - 1:30 PM,,,,,,
582,3:30 PM,,,,,,
583,,,,,,,
584,,,,,,,
585,5:00 PM - 6:00 PM,,,,,,
586,4:00 PM - 5:00 PM,,,,,,
587,6:00 PM,,6:00 PM,,,,
588,,,,,,,
589,4:00 PM,,,,,,
590,4:00 PM - 5:30 PM,,,,,,
591,3:15 PM - 3:45 PM,,,,,,
592,3:00 PM - 4:00 PM,,,,,,
593,,,,,,,
594,4:00 PM - 5:00 PM,,,,,,
595,4:00 PM - 4:45 PM,,,,,,
596,3:45 PM - 4:30 PM,,2:00 PM - 7:00 PM,,,,
597,12:30 PM - 1:30 PM,,,,,,
598,,,,,,,
599,3:00 PM - 3:45 PM,,,,,,
600,4:00 PM - 5:00 PM,,,,,,8:00 PM - 9:00 PM
601,,,,,,,
602,,,,,,,
603,,,,,,,
604,,,,,,,
605,,,,,,,
606,4:00 PM,,,,,6:00 PM,6:00 PM
607,3:30 PM,,,,,,
608,4:00 PM - 5:00 PM,,,,,,
609,,,,,,,
610,,,,,,,
611,,,,,,,
612,,,,,,,
613,4:00 PM - 5:00 PM,,,,,,
614,10:00 AM - 11:00 AM,,8:00 AM - 9:00 AM,8:00 AM - 9:00 AM,8:00 AM - 9:00 AM,8:00 AM - 9:00 AM,8:00 AM - 9:00 AM
615,1:00 PM - 2:00 PM,,,,,,
616,4:30 PM - 5:30 PM,,,,,,
617,11:30 AM - 11:50 AM,,11:30 AM - 11:50 AM,11:30 AM - 11:50 AM,11:30 AM - 11:50 AM,11:30 AM - 11:50 AM,11:30 AM - 11:50 AM
618,4:45 PM - 5:15 PM,,,,,,
619,,,,,,,
620,2:00 PM - 4:00 PM,,,,,,
621,,,,,,,
622,,,,,,,
623,,,,,,,
624,3:15 PM - 3:45 PM,,,,,,
625,,,4:00 PM - 7:00 PM,,,,4:00 PM - 7:00 PM
626,9:30 AM - 10:00 AM,,,,,,
627,9:00 AM - 9:45 AM,,,,,,
628,4:00 PM - 5:00 PM,,,,,,
629,3:00 PM - 3:45 PM,,,,,,9:30 AM - 10:30 AM
630,,,,,,,
631,5:00 PM,,,,,,
632,5:30 PM - 6:30 PM,,,,,,
633,3:00 PM - 3:45 PM,,3:00 PM - 8:00 PM,,,,7:00 PM - 8:00 PM
634,4:00 PM - 4:45 PM,,,,,,
635,,,,,,,
636,3:15 PM - 3:45 PM,,,,,,
637,3:45 PM - 4:45 PM,,,,,,
638,4:00 PM - 4:30 PM,,,,,,
639,,,,,,,
640,5:00 PM - 5:30 PM,,,,,,
641,,,5:30 PM,5:30 PM,5:30 PM,5:30 PM,5:30 PM
642,,,,,,,6:00 PM - 7:00 PM
643,,,,,,,
644,4:00 PM - 4:45 PM,,,,,,
645,,,,,,,
646,,,,,,,
647,,,,,,,
648,3:00 PM - 4:30 PM,,,,,6:30 PM,
649,,,,,,,
650,3:30 PM - 4:30 PM,,,,,5:00 PM - 6:00 PM,
651,,,,,,,
652,,,,,,,
653,4:00 PM - 4:45 PM,,,,,,
654,4:00 PM - 4:45 PM,7:45 AM - 8:20 AM,,,,,
655,3:00 PM - 3:55 PM,,,,,,
656,,,,,,,
657,7:30 AM - 8:00 AM,7:30 AM - 8:00 AM,7:30 AM - 8:00 AM,7:30 AM - 8:00 AM,7:30 AM - 8:00 AM,7:30 AM - 8:00 AM,7:30 AM - 8:00 AM
658,,,6:00 PM,12:00 PM,12:00 PM,12:00 PM,
659,,,,,,5:00 PM,
660,5:15 PM,,,,,,
661,3:00 PM,11:15 AM,,,,,
662,,,,,,,
663,3:00 PM,,,4:15 PM,4:15 PM,4:15 PM,
664,,,,,5:00 PM,,
665,3:00 PM - 4:00 PM,7:30 AM - 7:50 AM,,,,,
666,,,,,,,
667,4:00 PM - 4:50 PM,,,,11:30 AM - 11:55 AM,,
668,,,,,,,
669,4:00 PM,,,,,,
670,,,10:00 AM - 11:15 AM,10:00 AM - 11:15 AM,10:00 AM - 11:15 AM,10:00 AM - 11:15 AM,10:00 AM - 11:15 AM
671,,,,,,,
672,,,,,,,
673,11:00 AM - 11:45 AM,,11:00 AM - 11:45 AM,11:00 AM - 11:45 AM,11:00 AM - 11:45 AM,11:00 AM - 11:45 AM,11:00 AM - 11:45 AM
674,4:30 PM - 5:15 PM,,,,,,
675,4:00 PM - 4:30 PM,5:20 PM - 5:50 PM,,,6:20 PM - 6:50 PM,,
676,4:30 PM - 5:00 PM,,,,6:30 PM - 7:30 PM,,
677,,9:30 AM - 10:20 AM,,,11:00 AM - 11:50 AM,6:30 PM - 7:20 PM,6:30 PM - 7:20 PM
678,3:00 PM - 3:30 PM,9:00 AM - 9:30 AM,,,,,
679,4:00 PM - 4:35 PM,,,,,,
680,4:00 PM - 4:40 PM,,,,5:00 PM - 6:00 PM,,
681,,,,,,,
682,4:00 PM - 4:40 PM,,,,5:00 PM - 6:00 PM,,
683,4:00 PM - 4:45 PM,,,,,,
684,4:00 PM - 4:45 PM,,,,6:00 PM - 6:45 PM,6:00 PM - 6:45 PM,
685,3:30 PM - 4:30 PM,,,6:00 PM - 7:00 PM,,,
686,,,,,,8:00 PM - 9:00 PM,
687,8:45 AM - 10:00 AM,,,6:00 PM - 7:00 PM,,,
688,,,,,,,
689,,,,,,,
690,,,,,,,
691,3:15 PM - 4:15 PM,,,,,9:45 AM - 10:45 AM,
692,,,,,,,
693,,,,,,,
694,11:00 AM - 1:00 PM,8:15 AM - 8:45 AM,7:30 AM - 7:55 AM,7:30 AM - 7:55 AM,7:30 AM - 7:55 AM,7:30 AM - 7:55 AM,6:15 PM - 6:45 PM
695,5:00 PM - 5:45 PM,,,,,,
696,6:30 PM - 7:30 PM,,,,,,
697,,,,,,,
698,,,,,,,
699,3:30 PM - 4:30 PM,,,,,,
700,,,,,,,9:30 AM
701,,,,,,,
702,3:00 PM,,,,,,
703,9:00 AM - 10:00 AM,,,,,,
704,,,,,,,
705,4:00 PM,,,,,,
706,4:30 PM,,,8:30 AM,,8:30 AM,8:30 AM
707,,,,,,,
708,6:00 PM - 6:45 PM,,,,,,
709,2:30 PM - 4:15 PM,7:45 AM - 8:15 AM,,,,,3:30 PM - 4:30 PM
710,3:45 PM,,,,8:45 AM,,6:15 PM
711,,,,,,,
712,4:00 PM - 4:45 PM,,,,,6:00 PM - 6:45 PM,
713,,,,,,,
714,,,,,,,
715,2:30 PM - 3:30 PM,8:00 AM - 8:20 AM,,11:30 AM - 12:00 PM,8:00 AM - 8:20 AM,,
716,4:00 PM - 4:45 PM,,,,9:00 AM,,
717,9:45 AM - 11:00 AM,,,,4:30 PM - 5:45 PM,,8:00 AM - 8:45 AM
718,4:00 PM,,,,,,
719,,4:00 PM - 4:45 PM,,,8:00 PM - 9:00 PM,,
720,12:00 PM - 12:30 PM,,,,,,12:00 PM - 12:30 PM
721,4:00 PM - 4:30 PM,,,,,,
722,,,,,,,
723,,,,,,,
724,,,,,,,
725,3:30 PM - 4:30 PM,,,,,,8:30 AM - 9:00 AM
726,4:30 PM,,,,,,
727,4:00 PM,,,,5:30 PM,,9:00 AM
728,3:00 PM - 3:45 PM,,,,,,
729,10:00 AM,,,,4:30 PM,,8:00 AM
730,9:15 AM - 4:45 PM,,,5:00 PM - 5:45 PM,,,
731,3:30 PM,,,,,,
732,,,,,,,
733,,,,,,,
734,3:00 PM - 4:00 PM,,,,10:00 AM - 11:00 AM,,
735,,,,,,,
736,3:00 PM,,,,,,
737,,,,,6:00 PM,,
738,,,,,,,
739,,,,,,,
740,5:00 PM - 6:30 PM,,,,,4:00 PM - 6:30 PM,
741,3:30 PM,,,,,,
742,3:00 PM - 3:45 PM,,,9:30 AM - 10:30 AM,,,
743,4:00 PM - 4:45 PM,,,,,,
744,,,,,,,
745,,,,,,,
746,3:30 PM,,,,5:00 PM,,
747,,,,,,,
748,3:00 PM - 4:30 PM,,,,5:30 PM - 6:30 PM,8:30 AM - 9:30 AM,
749,4:00 PM - 4:30 PM,,,,,,
750,,,,,,5:00 PM - 5:45 PM,
751,2:30 PM - 4:00 PM,,,,,,
752,3:00 PM - 4:00 PM,,,,,,
753,,,8:00 AM - 8:45 AM,,4:00 PM - 5:40 PM,,
754,3:00 PM - 4:00 PM,,,,,,
755,4:00 PM - 4:45 PM,,10:00 AM - 10:15 AM,,5:15 PM - 5:45 PM,,
756,3:30 PM - 4:30 PM,7:00 AM - 7:45 AM,,,,,
757,5:15 PM,,,,,,
758,3:00 PM,,3:30 PM,3:30 PM,3:30 PM,3:30 PM,3:30 PM
759,3:00 PM - 4:45 PM,,,,,4:00 PM - 6:00 PM,
760,4:00 PM - 4:30 PM,,,,,,
761,,,,,,,
762,,,,,,,
763,4:00 PM,,,,,,
764,,,,,,,
765,3:30 PM - 4:30 PM,,,,,,
766,4:00 PM - 5:00 PM,,,,,,
767,4:30 PM,,,,,,
768,,,,,,,
769,,,11:00 AM - 11:45 AM,4:00 PM - 5:40 PM,,,
770,,,,,,,
771,,,,,,,
772,,,,,,,
773,,,,,,,
774,,,,,,,
775,,,,,,,
776,,,,5:00 PM - 6:00 PM,,7:30 AM - 8:15 AM,
777,,,,,,,
778,4:00 PM,,,,,,
779,5:00 PM,,,,,,
780,3:00 PM - 4:30 PM,,,,5:00 PM - 6:00 PM,,
781,,,,,,,
782,,,,,,,
783,,,,,8:30 AM,,8:30 AM
784,4:00 PM - 4:45 PM,,,,,,
785,11:00 AM,,,11:45 AM,5:15 PM,11:45 AM,
786,2:30 PM - 3:30 PM,8:00 AM - 8:20 AM,,11:30 AM - 12:00 PM,8:00 AM - 8:20 AM,,
787,4:00 PM - 4:30 PM,,,,,,
788,,,8:00 AM - 8:45 AM,4:00 PM - 5:40 PM,4:00 PM - 5:40 PM,3:00 PM - 5:40 PM,11:15 AM - 12:30 PM
789,,,,,,,
790,,,,,,,
791,4:00 PM,,,,,,
792,3:00 PM - 4:45 PM,,,,,11:00 AM,
793,9:00 AM - 10:00 AM,,,,6:30 PM,,
794,3:30 PM - 4:30 PM,,,,,,6:00 PM - 7:00 PM
795,,,,,,,
796,,,,,,,
797,,,,,,,
798,3:00 PM - 3:45 PM,,,,,,
799,4:30 PM - 5:00 PM,,,,,,
800,,,,,,,
801,3:30 PM - 4:30 PM,7:30 AM - 7:45 AM,,,,,
802,3:00 PM - 4:30 PM,,,,,,
803,,,,,,,
804,3:00 PM,,,,,,
805,,,,,,,
806,,,,,,,
807,5:30 PM - 6:00 PM,10:30 AM - 11:00 AM,,,6:30 PM - 7:00 PM,,6:30 PM - 7:00 PM
808,,,,,,,
809,,,,,,,
810,3:00 PM - 3:45 PM,,,,,,
811,4:15 PM - 5:15 PM,,,,6:00 PM - 6:45 PM,,
812,,,,,,,
813,,,,,,,
814,4:15 PM - 5:15 PM,,,,,,
815,,,,,,,
816,4:30 PM - 5:15 PM,,,,,,
817,5:00 PM,8:30 AM,7:10 AM,6:10 PM,7:10 AM,6:10 PM,7:10 AM
818,3:00 PM - 4:00 PM,,,,,,
819,,,,,,,
820,4:00 PM - 5:00 PM,,,,,,
821,,,,,,,
822,12:00 PM - 1:00 PM,,,6:00 PM - 7:00 PM,,,
823,4:00 PM - 6:00 PM,6:00 PM - 8:00 PM,,,6:00 PM - 7:00 PM,,
824,,,,,,,
825,,,,,,,
826,4:00 PM - 4:45 PM,,,,8:00 PM - 9:00 PM,,
827,,,,,,,
828,3:15 PM - 4:00 PM,,,,,,
829,,,,,,,
830,3:00 PM - 3:45 PM,,,,8:30 AM - 9:15 AM,,
831,,,,,,,
832,2:45 PM - 3:15 PM,7:30 AM - 7:50 AM,,,,,8:30 AM - 9:00 AM
833,,,,,,,
834,,,,,,,
835,3:00 PM - 4:00 PM,,6:00 PM - 7:45 PM,,,,
836,8:15 AM - 9:15 AM,,,,5:30 PM - 7:00 PM,,
837,,,,,,,
838,,,,,,,
839,3:00 PM - 5:00 PM,,,,,,
840,9:45 AM - 10:45 AM,7:00 AM - 7:30 AM,,,,,
841,,,,,,,
842,3:00 PM - 4:00 PM,,,,,,
843,8:30 AM,,,,,,
844,4:00 PM - 6:00 PM,,,,,,
845,4:00 PM - 4:45 PM,7:40 AM,,7:05 AM - 7:35 AM,7:05 AM - 7:35 AM,,7:05 AM - 7:35 AM
846,3:45 PM,,,,,,
847,5:00 PM,,,,,,
848,3:45 PM - 4:45 PM,,,7:00 PM,,,
849,3:00 PM - 3:45 PM,7:30 AM - 8:15 AM,,,,,
850,,,,,,,
851,,,,,,,
852,3:30 PM - 4:45 PM,,7:00 AM,7:00 AM,7:00 AM,7:00 AM,7:00 AM
853,,,,,,,
854,,,,,,,
855,4:00 PM - 5:00 PM,,,,,,
856,3:30 PM - 4:30 PM,,,6:00 PM - 7:30 PM,,,
857,,,7:00 PM - 7:45 PM,,,,
858,,,,,,,
859,,,,,,,
860,3:00 PM - 4:00 PM,11:30 AM,,,,,
861,,,,,,,
862,4:00 PM - 4:30 PM,,,,,,
863,,,,,3:00 PM,,
864,,,,,,,
865,,,,,,,
866,7:30 AM - 8:30 AM,,,,7:30 AM - 8:30 AM,,7:30 AM - 8:30 AM
867,,,12:00 PM - 12:30 PM,12:00 PM,12:00 PM,,12:00 PM
868,4:00 PM - 4:45 PM,,,,,,5:00 PM - 5:45 PM
869,3:45 PM - 4:45 PM,8:45 AM - 9:45 AM,,,,,
870,,,,,,,
871,,,,,,,
872,9:00 AM,,,,,,
873,3:30 PM - 4:15 PM,,,,,,
874,,,,,,,
875,,,,,,,
876,,,,,,,
877,9:00 AM,,,,,,
878,,,,,,,
879,3:30 PM,,,,,,
880,9:00 AM - 10:00 AM,,,,,,
881,,,,,,,
882,9:00 AM,,,5:30 PM,,,
883,,,,,,,
884,,,,,,,
885,,,,,,,
886,3:00 PM,,,,,,
887,9:30 AM,,,,,5:00 PM,
888,,,,,,,
889,3:00 PM,,,,,,
890,,,,,,3:00 PM,
891,9:30 AM - 10:30 AM,,,,,,
892,,,,,,,
893,3:00 PM - 3:40 PM,,,,,,
894,4:15 PM,,5:25 PM,,8:00 AM,,
895,3:00 PM - 4:00 PM,,,,,,
896,9:30 AM - 10:30 AM,,,,,,
897,,,,,,,
898,4:30 PM,,,,,,
899,,,,,,,
900,11:00 AM - 11:30 AM,9:45 AM,4:00 PM,,,6:00 PM,
901,,,,,,,
902,,,,,,,
903,,,,6:30 PM - 7:30 PM,,,
904,,,,,,,
905,,,,,,,
906,,,,,,,
907,,,,,,,
908,8:00 AM,,,,,,
909,,,,,,,
910,8:00 AM - 9:45 AM,7:00 AM,7:00 AM,,11:15 AM - 11:45 AM,,6:30 PM
911,3:15 PM,,,7:30 PM,,,7:00 AM
912,,,,,,,
913,4:00 PM - 4:45 PM,,,,,,5:00 PM - 5:45 PM
914,3:30 PM,,,,,,
915,,,,,,,
916,,,,,4:30 PM - 5:00 PM,4:30 PM - 5:00 PM,
917,,,,,,,
918,3:45 PM - 4:15 PM,,,,,,
919,9:00 AM - 11:00 AM,,,,,,5:00 PM - 7:00 PM
920,,,,,,,
921,,8:40 AM,,,,,
922,,,,,,,
923,2:30 PM - 3:30 PM,,,,,,
924,,,,,,,
925,,,,6:30 PM - 7:30 PM,,,
926,,,,,,,
927,10:30 AM,,,,,,
928,,,,,,,
929,3:00 PM,,,,5:45 PM,,
930,,,,,,,
931,3:00 PM - 3:40 PM,,,,,,
932,3:15 PM - 3:30 PM,,,,8 AM,,
933,3:00 PM - 3:50 PM,7:00 AM - 7:50 AM,9:00 AM - 9:30 AM,,,,
934,8:15 AM,,,6:00 PM - 6:45 PM,,,
935,,,,,,,
936,,,,,,,
937,3:30 PM - 4:30 PM,,,,5:00 PM - 6:00 PM,,
938,5:30 PM,,,,,,
939,,,,,,,
940,,,,,,,
941,8:15 AM,,,,,,
942,,,,,8:00 AM,,8:00 AM
943,3:30 PM - 4:50 PM,,,,11:00 AM - 1:00 PM,,
944,6:00 PM,,,,,,
945,3:00 PM,,,,,,
946,,,,,,,
947,3:00 PM - 3:30 PM,,,,,,
948,3:30 PM - 4:00 PM,7:30 AM - 8:00 AM,,,,,
949,,,,,,,
950,,,12:00 PM - 12:30 PM,5:00 PM - 5:30 PM,5:00 PM - 5:30 PM,,5:00 PM - 5:30 PM
951,,,,,,,
952,3:00 PM,,,,,,
953,,,,,,,
954,,,,,,,
955,,,,,,,
956,,,,,,,
957,,4:15 PM,,,,,
958,,10:00 AM - 10:25 AM,,4:40 PM - 5:10 PM,,11:30 AM - 12:00 PM,11:30 AM - 12:00 PM
959,7:15 AM - 7:45 AM,,11:30 AM - 12:00 PM,11:30 AM - 12:00 PM,4:30 PM - 5:00 PM,4:30 PM - 5:00 PM,11:30 AM - 12:00 PM
960,3:15 PM,9:15 AM,11:30 AM - 12:00 PM,11:30 AM - 12:00 PM,11:30 AM - 12:00 PM,11:30 AM - 12:00 PM,11:30 AM - 12:00 PM
961,,,,,,,
962,,,,,,,
963,3:00 PM - 3:45 PM,,,5:00 PM - 5:30 PM,,,
964,,,,,,,
965,4:15 PM,,5:25 PM,,8 AM,,
966,4:00 PM,,,,5:00 PM,,
967,7:15 AM - 7:45 AM,,11:30 AM - 12:00 PM,11:30 AM - 12:00 PM,4:30 PM - 5:00 PM,4:30 PM - 5:00 PM,11:30 AM - 12:00 PM
968,,,,,,,
969,4:00 PM - 5:30 PM,,,,,,
970,,,,5:00 PM,5:00 PM,,
971,,,,,,5:30 PM,
972,2:45 PM,,,,,,
973,,,7:30 AM - 7:50 AM,7:30 AM - 7:50 AM,7:30 AM - 7:50 AM,7:30 AM - 7:50 AM,7:30 AM - 7:50 AM
974,8:00 AM,,,11:00 AM,5:15 PM,11:00 AM,
975,4:00 PM,,,,,,
976,4:30 PM,,,,,,
977,8:00 AM,,,11:00 AM,5:15 PM,11:00 AM,
978,,,,,,,
979,3:30 PM,,,,,,
980,9:00 AM - 9:30 AM,4:50 PM - 5:20 PM,,,,,
981,,,,,,,
982,,,,,,,
983,4:00 PM,,,,,,
984,3:30 PM - 4:15 PM,,,,,,
985,,,,,,,
986,,,,5:15 PM,,,
987,,,,,,,
988,,,,,,,
989,3:30 PM - 4:15 PM,,,,,,
990,,10:00 AM,5:30 PM,,,,
991,3:30 PM,,,5:00 PM,,,8:00 AM
992,3:30 PM - 4:00 PM,,,,,,
993,4:15 PM,,,,5:45 PM,,
994,,,,,,,
995,,,,,,,
996,3:00 PM - 3:45 PM,8:00 AM - 8:20 AM,,,,,
997,9:30 AM - 10:30 AM,,,,,,
998,3:30 PM - 4:30 PM,,,,,,
999,3:30 PM - 7:45 AM,,11:30 AM,11:30 AM,11:30 AM,11:30 AM,11:30 AM
1000,3:15 PM,4:15 PM,,,,5:30 PM,
1001,3:15 PM - 3:45 PM,6:45 AM - 7:15 AM,,,,,
1002,,,,,,,
1003,3:30 PM - 4:30 PM,,7:00 AM - 7:30 AM,7:00 AM - 7:30 AM,7:00 AM - 7:30 AM,7:00 AM - 7:30 AM,7:00 AM - 7:30 AM
1004,,,,,,,
1005,,,,,,,
1006,,,,,,,
1007,,,,7:45 AM - 8:10 AM,7:45 AM - 8:10 AM,7:45 AM - 8:10 AM,7:45 AM - 8:10 AM
1008,,,,,,,
1009,8:00 AM - 4:00 PM,7:30 AM - 7:50 AM,,,,,
1010,3:00 PM - 4:00 PM,5:00 PM - 6:30 PM,,,,,
1011,3:00 PM - 4:00 PM,,,,,,
1012,4:00 PM,,,,,,
1013,,,,,,,
1014,4:00 PM - 4:45 PM,,,,,,7:00 AM - 8:00 PM
1015,4:30 PM - 5:15 PM,,,,,,
1016,,,,,,,
1017,3:00 PM - 4:30 PM,,,9:00 AM - 9:45 AM,4:00 PM - 5:00 PM,9:00 AM - 9:45 AM,
1018,5:00 PM - 6:00 PM,11:00 AM,8:00 AM - 8:30 AM,8:00 AM - 8:30 AM,8:00 AM - 8:30 AM,6:00 PM - 7:00 PM,8:00 AM - 8:30 AM
1019,3:00 PM,,,,,,
1020,3:00 PM - 3:45 PM,,,5:30 PM - 6:15 PM,5:30 PM - 6:15 PM,5:30 PM - 6:15 PM,
1021,,,,,,,
1022,,,,,,,
1023,3:30 PM,7 AM,,,,,1:00 PM - 3:00 PM
1024,4:25 PM,7:55 AM,,,,,
1025,3:15 PM - 4:45 PM,4:15 PM - 4:45 PM,,,,,
1026,,,,,,,
1027,,,,,,,
1028,7:00 AM - 7:45 AM,,,,,,
1029,3:00 PM - 4:00 PM,,,,4:15 PM - 5:30 PM,7:00 AM - 8:00 AM,
1030,3:30 PM,,,,5:00 PM,,
1031,,,,,,,
1032,3:30 PM - 3:50 PM,,,,,,
1033,8:00 AM - 9:30 AM,,,,,5:00 PM - 6:00 PM,
1034,8:45 AM - 10:30 AM,,,,,,
1035,,,,,,,
1036,,,,,,,
1037,4:00 PM,,,,,4:00 PM,
1038,,,,,,,
1039,,,,,,,
1040,,,,5:00 PM,,,
1041,3:30 PM - 4:00 PM,,,,,,
1042,8:00 AM - 9:30 AM,,,,,,
1043,4:00 PM,,,,,6:00 PM - 7:00 PM,
1044,4:30 PM,,,,,,
1045,4:15 PM - 4:45 PM,8:15 AM - 8:45 AM,,,,,7:15 AM - 8:15 AM
1046,4:00 PM - 5:00 PM,9:00 AM - 9:30 AM,,,,,
1047,3:00 PM - 4:00 PM,9:30 AM,,,5:00 PM,,
1048,,,,,,,
1049,,,,,,,
1050,9:00 AM,4:30 PM,,,11:15 AM,,
1051,5:00 PM - 5:20 PM,,,,7:00 PM - 7:30 PM,,
1052,3:30 PM,,,,,,
1053,11:30 AM - 1:00 PM,12:00 PM - 1:00 PM,11:30 AM - 12:00 PM,11:30 AM - 12:00 PM,,11:30 AM - 12:00 PM,11:30 AM - 12:00 PM
1054,8:30 AM - 9:30 AM,,,7:30 AM,,,
1055,3:30 PM - 4:45 PM,,8:00 AM - 8:45 AM,,,8:00 AM - 8:45 AM,
1056,,,,,,,
1057,3:30 PM - 4:30 PM,,5:30 PM - 6:00 PM,5:30 PM - 6:00 PM,5:30 PM - 6:00 PM,5:30 PM - 6:00 PM,5:30 PM - 6:00 PM
1058,,,,,,,
1059,1:00 PM,,,,,,
1060,8:00 AM,7:30 AM,,,,,
1061,,,,,,,
1062,,,,,5:00 PM - 7:00 PM,,8:30 AM - 9:30 AM
1063,,,,,,,
1064,,,11:30 AM - 12:00 PM,11:30 AM - 12:00 PM,11:30 AM - 12:00 PM,11:30 AM - 12:00 PM,11:30 AM - 12:00 PM
1065,,,,,,,
1066,4:30 PM,,,,,,
1067,,,,,,,
1068,,,9:15 AM - 10:00 AM,9:15 AM - 10:00 AM,6:00 PM - 6:45 PM,9:15 AM - 10:00 AM,4:30 PM - 5:15 PM
1069,4:15 PM - 4:45 PM,,,,,,
1070,3:00 PM - 4:00 PM,11:15 AM - 11:45 AM,12:00 PM - 10:00 PM,12:00 PM - 10:00 PM,12:00 PM - 10:00 PM,12:00 PM - 10:00 PM,9:00 AM
1071,7:30 AM - 8:25 AM,,,,4:45 PM - 5:25 PM,,
1072,,,,,,,
1073,2:30 PM - 3:30 PM,,,,,,
1074,2:30 PM - 3:30 PM,,,5:00 PM - 6:00 PM,,,
1075,3:30 PM,,,,,4:00 PM,
1076,,,,,,,
1077,8:00 AM - 8:50 AM,,8:00 AM,8:30 AM,8:30 AM,8:30 AM,8:30 AM
1078,5:00 PM - 5:45 PM,,,,,,6:00 PM - 7:00 PM
1079,8:30 AM,,7:30 AM,7:30 AM,7:30 AM,7:30 AM,7:30 AM
1080,,,,,,,
1081,,,,,,,
1082,3:30 PM,,,,,,
1083,,,,,,,
1084,3:30 PM - 4:30 PM,,8:00 AM,8:00 AM,8:00 AM,8:00 AM,8:00 AM
1085,9:00 AM,,,,,,
1086,3:30 PM - 4:30 PM,,,,,,
1087,5:15 PM,,5:15 PM,,,,
1088,3:00 PM,9:30 AM,,,5:00 PM,,
1089,8:50 AM - 9:15 AM,7:00 AM,7:05 AM - 8:15 AM,7:05 AM - 8:15 AM,7:05 AM - 8:15 AM,7:05 AM - 8:15 AM,7:05 AM - 8:15 AM
1090,,,,,,,
1091,,,,,,,
1092,2:00 PM - 3:00 PM,,,,,,
1093,,,,5:00 PM - 5:45 PM,5:00 PM - 5:45 PM,5:00 PM - 5:45 PM,
1094,,,,,,,
1095,,,,,,,
1096,,,,,,,
1097,8:15 AM,,8:00 AM - 8:45 AM,8:00 AM - 8:45 AM,8:00 AM - 8:45 AM,6:30 PM,8:00 AM - 8:45 AM
1098,3:30 PM - 4:45 PM,,,,,,
1099,4:00 PM,,,,8:30 AM,,
1100,8:30 AM,,,,,,
